anchor_idx,query_image,num_matches,num_inliers
38950,106292454876896,1612,1526
39000,106292454876896,1480,1238
38900,106292454876896,1326,1039
38250,108462314638861,390,300
37450,108462314638861,374,299
38300,108462314638861,402,298
40850,108796431284045,523,390
40800,108796431284045,446,344
40900,108796431284045,406,330
40200,113811547432984,1820,1477
40150,113811547432984,1516,1189
40250,113811547432984,1431,1061
39050,138940178222730,1442,1054
39100,138940178222730,1475,1051
39150,138940178222730,1378,1013
39850,147385083955519,606,510
39000,147385083955519,598,436
39250,147385083955519,620,430
38900,149050590566545,1706,1430
38850,149050590566545,1578,1286
38950,149050590566545,1337,1162
39200,153171543365412,1523,1260
39100,153171543365412,1289,1116
39250,153171543365412,1190,1004
40550,155802506495884,1395,1268
40500,155802506495884,1647,1179
40250,155802506495884,941,801
39800,158936582835036,689,461
39850,158936582835036,692,432
39700,158936582835036,615,427
38600,164839588899374,1550,1287
38650,164839588899374,1445,1133
38500,164839588899374,1237,946
2586,166334535399167,255,151
2571,166334535399167,214,148
2536,166334535399167,223,137
40450,169284061674489,741,644
40250,169284061674489,792,638
40850,169284061674489,821,620
40850,173547701231029,939,804
40800,173547701231029,723,624
40900,173547701231029,742,598
39000,174480551218092,1832,1450
39050,174480551218092,1345,1137
38900,174480551218092,1238,1098
40850,176958570975681,728,600
40800,176958570975681,585,457
40900,176958570975681,517,447
40250,177630180901961,1209,1038
40150,177630180901961,1136,942
40200,177630180901961,1147,909
7781,180258693949912,621,564
7786,180258693949912,605,542
7791,180258693949912,570,443
39850,180704613907188,729,462
39800,180704613907188,632,450
39650,180704613907188,586,433
2561,190384509592565,150,42
2576,190384509592565,111,38
2596,190384509592565,136,36
39750,191106976197355,1553,1097
39800,191106976197355,1406,1006
39850,191106976197355,1210,959
38050,191727876117281,439,292
38250,191727876117281,385,290
38150,191727876117281,407,277
39950,192692372670283,675,479
40150,192692372670283,583,477
39800,192692372670283,650,468
40850,199197855374442,479,384
40800,199197855374442,389,315
40900,199197855374442,358,304
40250,203794024725488,802,703
40750,203794024725488,1130,694
40700,203794024725488,1182,676
40800,214786096833734,1182,885
40850,214786096833734,976,731
40250,214786096833734,760,663
39750,215700066730957,1518,1199
39800,215700066730957,1162,982
39650,215700066730957,1211,980
39800,218801276362390,1693,1239
39850,218801276362390,1392,1165
39750,218801276362390,1329,1020
40450,234149291803603,1691,1239
40500,234149291803603,1351,1029
40250,234149291803603,1045,928
38750,234846741741899,473,359
37950,234846741741899,596,335
38250,234846741741899,463,323
39300,235343141691258,1735,1169
39250,235343141691258,1339,1113
39200,235343141691258,1189,1005
39600,235987994946611,1566,1246
39650,235987994946611,1502,1129
39550,235987994946611,1361,1124
40850,247353410505415,758,632
40900,247353410505415,624,518
40950,247353410505415,656,505
40250,248634643711726,1726,1495
40200,248634643711726,1716,1380
40150,248634643711726,1350,1047
39050,260933419102289,1803,1476
39100,260933419102289,1524,1276
39000,260933419102289,1398,1199
40850,269668874856680,414,340
40800,269668874856680,398,294
40750,269668874856680,346,236
40850,276043394252216,316,221
40800,276043394252216,297,191
40750,276043394252216,276,188
7821,278233050668896,544,468
7811,278233050668896,501,462
7816,278233050668896,483,462
23861,287299236272756,513,293
23871,287299236272756,495,267
23866,287299236272756,503,265
39550,289120099577066,1605,1274
39600,289120099577066,1570,1111
39450,289120099577066,1038,863
39600,298094378497363,670,444
39450,298094378497363,649,431
39400,298094378497363,589,425
39450,300044561683907,1704,1548
39500,300044561683907,1475,1377
39350,300044561683907,1141,1016
38750,301251801503991,1458,1234
38700,301251801503991,1300,1119
38600,301251801503991,1205,1042
37850,301849714850693,419,207
38150,301849714850693,391,188
38200,301849714850693,293,170
38850,303564577924793,1564,1292
38750,303564577924793,1315,1167
38800,303564577924793,1335,1130
39900,303730374594771,1759,1404
39850,303730374594771,1512,1185
39950,303730374594771,1271,996
40450,304899161162720,732,685
40800,304899161162720,781,652
40850,304899161162720,826,637
40150,305571307816990,715,484
39950,305571307816990,662,471
39900,305571307816990,600,457
23871,305791817730395,662,426
23866,305791817730395,623,419
23881,305791817730395,612,387
7811,306713820894516,1037,882
7806,306713820894516,982,781
7781,306713820894516,804,764
39200,306775687692935,1549,1257
39250,306775687692935,1576,1192
39150,306775687692935,1233,992
37450,308314457488847,460,338
37950,308314457488847,536,332
37700,308314457488847,515,322
40850,309957857169063,396,317
40800,309957857169063,373,257
40700,309957857169063,325,236
40850,310769060409655,943,753
40800,310769060409655,813,672
40750,310769060409655,704,601
39450,310982717201776,1783,1294
39300,310982717201776,1159,938
39350,310982717201776,1253,902
39800,312192647016031,1338,1081
39750,312192647016031,1501,1077
39850,312192647016031,1068,907
39200,313127766999687,1551,1200
39300,313127766999687,1170,1086
39250,313127766999687,1482,1060
40500,316147433229878,1536,1286
40450,316147433229878,1554,1208
40400,316147433229878,1211,984
38750,317123973111603,1409,1248
38800,317123973111603,1568,1213
38850,317123973111603,1250,1128
39950,318220739671203,1463,1078
40000,318220739671203,1437,1066
39900,318220739671203,1298,1010
40200,323113055830126,771,531
40150,323113055830126,761,509
40250,323113055830126,737,507
38950,324466852430700,1560,1443
38900,324466852430700,1517,1344
39000,324466852430700,1212,1105
40250,335844591210293,1739,1448
40300,335844591210293,1541,1270
40200,335844591210293,1459,1186
23861,339973640889465,481,294
23881,339973640889465,480,292
23866,339973640889465,456,266
40550,351643666384375,674,491
40500,351643666384375,673,402
40600,351643666384375,668,397
23861,367029038020395,692,481
23871,367029038020395,653,439
23866,367029038020395,661,396
40450,372682857469137,1628,1509
40400,372682857469137,1626,1182
40500,372682857469137,1169,1113
40850,428293974906309,425,377
40800,428293974906309,416,350
40750,428293974906309,364,304
39250,458265088597722,1647,1352
39200,458265088597722,1441,1217
39300,458265088597722,1474,1188
40850,461374908452669,580,335
40800,461374908452669,479,283
40900,461374908452669,448,280
40250,461832931565159,534,386
40850,461832931565159,709,381
40700,461832931565159,597,369
40700,464839121485956,545,411
40500,464839121485956,656,396
40550,464839121485956,670,388
40050,468472451123328,1414,1076
39950,468472451123328,1182,939
40100,468472451123328,1136,884
40050,468758624198354,1320,961
40150,468758624198354,1154,926
39950,468758624198354,1176,896
39600,472831740495485,1815,1501
39550,472831740495485,1420,1242
39650,472831740495485,1313,851
38650,474642130420803,1375,1127
38700,474642130420803,1492,1103
38750,474642130420803,1229,1077
40300,485093559281755,707,473
40400,485093559281755,637,463
40250,485093559281755,740,458
38650,487620915775365,1564,1246
38600,487620915775365,1445,1199
38700,487620915775365,1252,1022
40200,488294055921976,1653,1355
40150,488294055921976,1784,1313
40100,488294055921976,1203,953
40150,494060038453033,1263,1080
40200,494060038453033,1028,910
40100,494060038453033,1214,888
39250,498635101554825,1431,1143
39200,498635101554825,1233,1081
39350,498635101554825,1177,955
40400,500262417832956,725,574
40300,500262417832956,783,501
40450,500262417832956,724,492
39300,503656994410870,618,451
39150,503656994410870,565,430
39250,503656994410870,614,428
40850,504474467404712,419,305
40800,504474467404712,401,304
40750,504474467404712,366,262
40250,505232827589496,1269,1070
40200,505232827589496,1216,945
40300,505232827589496,1160,928
40850,516232789557074,874,627
40800,516232789557074,783,608
40450,516232789557074,633,545
40850,517162169314766,937,774
40800,517162169314766,806,615
40900,517162169314766,780,614
39300,520354202466339,1382,1087
39400,520354202466339,1479,1069
39450,520354202466339,1197,1002
38600,521008155734204,554,316
38100,521008155734204,480,289
37550,521008155734204,507,272
40250,522708595754983,946,685
40500,522708595754983,725,628
40400,522708595754983,726,621
39350,523924315641818,627,418
39500,523924315641818,633,407
39250,523924315641818,587,406
40200,525587638606825,857,698
40150,525587638606825,849,674
40250,525587638606825,917,659
40650,527875755263689,1527,1473
40600,527875755263689,1509,1257
40550,527875755263689,1219,937
40850,567165644289649,537,452
40800,567165644289649,475,375
40700,567165644289649,427,369
40600,581387889500547,1833,1638
40550,581387889500547,1589,1503
40650,581387889500547,1264,1071
38500,581576559484203,1286,1164
38450,581576559484203,1393,1140
38400,581576559484203,1171,1078
40550,612515993051592,1780,1566
40600,612515993051592,1404,1246
40450,612515993051592,1245,1015
39900,618885832842047,1529,1260
39950,618885832842047,1546,1185
39850,618885832842047,1347,1149
38150,736782263685550,364,178
37650,736782263685550,307,156
37850,736782263685550,367,156
40150,752638762079654,1923,1514
40200,752638762079654,1390,1177
40100,752638762079654,1290,998
40850,752710185440008,896,715
40800,752710185440008,726,646
40900,752710185440008,740,587
39950,752749511990487,1504,1246
40000,752749511990487,1521,1164
40050,752749511990487,1216,1000
40850,755524828457070,1090,765
40800,755524828457070,833,699
40250,755524828457070,720,632
40850,756237591623326,620,378
40800,756237591623326,579,349
40900,756237591623326,478,349
40150,756502351714651,1548,1250
40200,756502351714651,1177,1022
40050,756502351714651,1160,922
39250,757602924918718,560,431
38750,757602924918718,530,414
39200,757602924918718,545,403
38350,762142218000244,1360,1082
38300,762142218000244,1246,1054
38400,762142218000244,1213,1027
39800,768038204084010,466,342
39850,768038204084010,392,329
38150,768038204084010,477,322
7786,788402008462473,469,370
7781,788402008462473,458,344
7791,788402008462473,351,248
40300,788758438700923,1882,1464
40250,788758438700923,1523,1211
40200,788758438700923,1335,1134
40150,798828541070427,624,457
39950,798828541070427,701,456
40200,798828541070427,553,431
40850,814777059445023,796,652
40950,814777059445023,620,544
40900,814777059445023,644,506
39850,820128915279935,583,386
38750,820128915279935,495,360
38450,820128915279935,408,341
39850,821647072096938,1437,1095
39900,821647072096938,1397,980
39750,821647072096938,1150,922
40850,824477145168302,727,428
40900,824477145168302,506,422
40800,824477145168302,623,412
40850,845880612806772,506,408
40800,845880612806772,493,380
40750,845880612806772,412,341
40850,874933963097007,717,620
40800,874933963097007,606,514
40750,874933963097007,539,486
40550,888322191749612,1735,1636
40450,888322191749612,1279,1044
40600,888322191749612,1206,1034
40850,895003237714718,1163,910
40800,895003237714718,829,696
40750,895003237714718,774,637
39600,900588070502827,1361,1100
39700,900588070502827,1414,985
39550,900588070502827,1229,944
40450,903300047191846,769,528
40500,903300047191846,658,464
40400,903300047191846,710,456
39600,929911347773219,522,385
38500,929911347773219,493,380
38750,929911347773219,499,353
39100,930951020780788,1854,1466
39050,930951020780788,1626,1414
39000,930951020780788,1269,1032
39550,942084006546748,669,453
39450,942084006546748,623,448
39600,942084006546748,626,409
38600,1060345244496307,1514,1210
38500,1060345244496307,1364,1209
38550,1060345244496307,1381,1170
38450,1124747658033783,1437,1082
38400,1124747658033783,1206,1050
38350,1124747658033783,1155,934
40150,1141189789728712,915,671
40250,1141189789728712,859,634
40200,1141189789728712,746,626
38750,1187290888379768,1618,1362
38800,1187290888379768,1461,1362
38700,1187290888379768,1358,1105
39800,1251671701896502,1475,1073
39850,1251671701896502,1448,1034
39900,1251671701896502,1127,982
38050,1289426271474196,487,294
38100,1289426271474196,363,284
37800,1289426271474196,476,279
2546,1368405473535383,445,344
2591,1368405473535383,509,338
2581,1368405473535383,438,284
38250,1383499185356967,409,300
38300,1383499185356967,416,293
38150,1383499185356967,436,288
39000,1385441325146397,1868,1549
38950,1385441325146397,1421,1185
39050,1385441325146397,1411,1096
38600,1403555106665615,496,354
39850,1403555106665615,451,344
38550,1403555106665615,445,323
40850,1414497498903528,731,583
40950,1414497498903528,561,464
40800,1414497498903528,577,457
40400,1420318224985387,1783,1324
40450,1420318224985387,1394,1084
40350,1420318224985387,1380,984
39600,1458347411197214,643,454
39800,1458347411197214,588,440
39550,1458347411197214,662,422
40400,1637329949801221,1725,1367
40350,1637329949801221,1467,1135
40200,1637329949801221,1142,995
39550,1755934427900869,1599,1256
39600,1755934427900869,1224,1023
39450,1755934427900869,1306,977
38550,1873006279565335,1603,1343
38500,1873006279565335,1463,1143
38600,1873006279565335,1268,1141
23861,1951146195035728,672,430
23866,1951146195035728,673,422
23871,1951146195035728,666,394
39300,1954770098513826,1487,1209
39250,1954770098513826,1195,1017
39400,1954770098513826,1325,1001
38900,2236085356525798,484,303
38650,2236085356525798,390,295
38150,2236085356525798,425,292
7786,2747790412198843,984,901
7781,2747790412198843,944,868
7791,2747790412198843,933,851
38250,2801041916827602,449,315
38300,2801041916827602,473,301
38350,2801041916827602,390,296
38400,2922357204752654,1336,1160
38350,2922357204752654,1305,1005
38300,2922357204752654,1164,957
39300,2973179696271735,1230,1000
39400,2973179696271735,1286,932
39500,2973179696271735,1100,904
40850,3736317583146995,868,720
40800,3736317583146995,706,596
40950,3736317583146995,722,562
7786,3901194019972102,714,553
7791,3901194019972102,553,372
7781,3901194019972102,507,344
39850,3912439145518104,431,355
38600,3912439145518104,464,335
38350,3912439145518104,425,324
38850,3957841700967474,1640,1413
38900,3957841700967474,1393,1346
38800,3957841700967474,1244,1003
39200,3973885756058652,1366,1084
39150,3973885756058652,1413,1049
39100,3973885756058652,1468,975
38500,4040014482748741,1586,1282
38550,4040014482748741,1419,1213
38450,4040014482748741,1322,1075
40850,4061209447235223,981,678
40800,4061209447235223,846,675
40750,4061209447235223,744,608
39750,4062903437100039,1301,1041
39600,4062903437100039,1224,1026
39550,4062903437100039,1124,996
39950,4090156661051179,1212,909
39850,4090156661051179,1079,833
40000,4090156661051179,1011,829
7786,4232333256798703,49,29
2531,4232333256798703,49,25
23861,4232333256798703,56,21
40850,4383884718289873,678,518
40750,4383884718289873,568,460
40800,4383884718289873,559,452
