anchor_idx,query_idx,num_matches,num_inliers,anchor_range
460,3026,1010,939,"(0, 1145)"
450,3026,993,899,"(0, 1145)"
440,3026,962,887,"(0, 1145)"
720,3046,1346,1309,"(0, 1145)"
710,3046,1351,1302,"(0, 1145)"
700,3046,1076,1015,"(0, 1145)"
760,3066,1709,1535,"(0, 1145)"
770,3066,1189,1157,"(0, 1145)"
750,3066,1188,1148,"(0, 1145)"
800,3086,1799,1642,"(0, 1145)"
790,3086,1164,1143,"(0, 1145)"
810,3086,1144,998,"(0, 1145)"
830,3106,1565,1307,"(0, 1145)"
840,3106,1210,1201,"(0, 1145)"
820,3106,1030,944,"(0, 1145)"
860,3126,1552,1514,"(0, 1145)"
870,3126,1148,1060,"(0, 1145)"
850,3126,988,952,"(0, 1145)"
890,3146,1800,1587,"(0, 1145)"
880,3146,1035,906,"(0, 1145)"
900,3146,1019,830,"(0, 1145)"
920,3166,1282,1278,"(0, 1145)"
910,3166,1167,1091,"(0, 1145)"
930,3166,827,787,"(0, 1145)"
940,3186,1870,1637,"(0, 1145)"
950,3186,998,915,"(0, 1145)"
930,3186,954,843,"(0, 1145)"
970,3206,1330,1323,"(0, 1145)"
960,3206,1189,1177,"(0, 1145)"
980,3206,832,714,"(0, 1145)"
990,3226,1923,1831,"(0, 1145)"
980,3226,986,828,"(0, 1145)"
1000,3226,944,782,"(0, 1145)"
1010,3246,1445,1390,"(0, 1145)"
1020,3246,1067,1008,"(0, 1145)"
1000,3246,813,785,"(0, 1145)"
1030,3266,1205,1193,"(0, 1145)"
1040,3266,1159,1139,"(0, 1145)"
1050,3266,741,657,"(0, 1145)"
1060,3286,1303,1220,"(0, 1145)"
1050,3286,1127,1104,"(0, 1145)"
1070,3286,834,757,"(0, 1145)"
1080,3306,1325,1266,"(0, 1145)"
1070,3306,1238,1134,"(0, 1145)"
1060,3306,863,705,"(0, 1145)"
1100,3326,1425,1298,"(0, 1145)"
1090,3326,1388,1248,"(0, 1145)"
1110,3326,982,922,"(0, 1145)"
1110,3346,1540,1499,"(0, 1145)"
1120,3346,1446,1361,"(0, 1145)"
1100,3346,1029,1000,"(0, 1145)"
1130,3366,1621,1558,"(0, 1145)"
1140,3366,1399,1368,"(0, 1145)"
1120,3366,1163,1107,"(0, 1145)"
1140,3386,1450,1426,"(0, 1145)"
1130,3386,1108,1021,"(0, 1145)"
1120,3386,841,778,"(0, 1145)"
1140,3406,881,831,"(0, 1145)"
1130,3406,638,577,"(0, 1145)"
1120,3406,509,413,"(0, 1145)"
1175,3421,1830,1732,"(1145, 1496)"
1165,3421,1180,1125,"(1145, 1496)"
1185,3421,1041,920,"(1145, 1496)"
1195,3441,1497,1463,"(1145, 1496)"
1185,3441,1257,1171,"(1145, 1496)"
1205,3441,1070,946,"(1145, 1496)"
1215,3461,1343,1311,"(1145, 1496)"
1205,3461,1385,1237,"(1145, 1496)"
1195,3461,938,865,"(1145, 1496)"
1235,3481,1259,1253,"(1145, 1496)"
1225,3481,1369,1173,"(1145, 1496)"
1215,3481,942,890,"(1145, 1496)"
1245,3501,1295,1285,"(1145, 1496)"
1255,3501,1203,1045,"(1145, 1496)"
1265,3501,832,826,"(1145, 1496)"
1265,3521,1360,1199,"(1145, 1496)"
1275,3521,1205,1132,"(1145, 1496)"
1255,3521,833,742,"(1145, 1496)"
1285,3541,1492,1283,"(1145, 1496)"
1295,3541,1101,1061,"(1145, 1496)"
1275,3541,868,736,"(1145, 1496)"
1305,3561,1576,1306,"(1145, 1496)"
1315,3561,1061,952,"(1145, 1496)"
1295,3561,922,906,"(1145, 1496)"
1325,3581,1643,1505,"(1145, 1496)"
1335,3581,981,802,"(1145, 1496)"
1315,3581,899,786,"(1145, 1496)"
1345,3601,1659,1649,"(1145, 1496)"
1355,3601,1090,1007,"(1145, 1496)"
1335,3601,930,911,"(1145, 1496)"
1365,3621,1553,1542,"(1145, 1496)"
1375,3621,1097,1029,"(1145, 1496)"
1355,3621,895,791,"(1145, 1496)"
1385,3641,1461,1407,"(1145, 1496)"
1395,3641,1146,1137,"(1145, 1496)"
1375,3641,865,791,"(1145, 1496)"
1405,3661,1379,1181,"(1145, 1496)"
1415,3661,1140,1082,"(1145, 1496)"
1395,3661,819,754,"(1145, 1496)"
1425,3681,1275,1270,"(1145, 1496)"
1435,3681,1052,924,"(1145, 1496)"
1445,3681,754,639,"(1145, 1496)"
1445,3701,1265,1132,"(1145, 1496)"
1455,3701,1096,1069,"(1145, 1496)"
1465,3701,719,689,"(1145, 1496)"
1465,3721,1443,1392,"(1145, 1496)"
1475,3721,1161,1078,"(1145, 1496)"
1455,3721,890,827,"(1145, 1496)"
1485,3741,1586,1564,"(1145, 1496)"
1475,3741,1097,1071,"(1145, 1496)"
1495,3741,1124,979,"(1145, 1496)"
1495,3761,1005,852,"(1145, 1496)"
1485,3761,941,797,"(1145, 1496)"
1475,3761,818,754,"(1145, 1496)"
5360,6000,673,493,"(4600, 5390)"
5350,6000,686,438,"(4600, 5390)"
5340,6000,654,411,"(4600, 5390)"
5340,6020,787,539,"(4600, 5390)"
5330,6020,708,478,"(4600, 5390)"
5320,6020,691,424,"(4600, 5390)"
5320,6040,776,522,"(4600, 5390)"
5330,6040,666,482,"(4600, 5390)"
5280,6040,608,365,"(4600, 5390)"
5300,6060,724,498,"(4600, 5390)"
5280,6060,725,462,"(4600, 5390)"
5290,6060,718,456,"(4600, 5390)"
5280,6080,815,557,"(4600, 5390)"
5290,6080,622,489,"(4600, 5390)"
5270,6080,754,437,"(4600, 5390)"
5260,6100,805,553,"(4600, 5390)"
5270,6100,653,474,"(4600, 5390)"
5250,6100,723,420,"(4600, 5390)"
5250,6120,601,453,"(4600, 5390)"
5240,6120,647,414,"(4600, 5390)"
5230,6120,669,359,"(4600, 5390)"
5210,6140,748,467,"(4600, 5390)"
5220,6140,673,465,"(4600, 5390)"
5230,6140,496,404,"(4600, 5390)"
5200,6160,490,338,"(4600, 5390)"
5190,6160,539,293,"(4600, 5390)"
5210,6160,382,264,"(4600, 5390)"
5180,6180,441,302,"(4600, 5390)"
5100,6180,519,270,"(4600, 5390)"
5090,6180,427,241,"(4600, 5390)"
5140,6200,662,449,"(4600, 5390)"
5150,6200,564,398,"(4600, 5390)"
5090,6200,539,352,"(4600, 5390)"
5100,6220,742,520,"(4600, 5390)"
5120,6220,694,466,"(4600, 5390)"
5110,6220,700,459,"(4600, 5390)"
5090,6240,638,443,"(4600, 5390)"
5080,6240,621,404,"(4600, 5390)"
5100,6240,533,381,"(4600, 5390)"
5060,6260,407,281,"(4600, 5390)"
5070,6260,422,280,"(4600, 5390)"
5040,6260,320,161,"(4600, 5390)"
5020,6280,486,297,"(4600, 5390)"
5040,6280,391,237,"(4600, 5390)"
5030,6280,399,232,"(4600, 5390)"
5000,6300,578,426,"(4600, 5390)"
4990,6300,575,378,"(4600, 5390)"
5010,6300,413,310,"(4600, 5390)"
4960,6320,632,410,"(4600, 5390)"
4950,6320,574,398,"(4600, 5390)"
4940,6320,545,346,"(4600, 5390)"
4910,6340,645,425,"(4600, 5390)"
4920,6340,623,368,"(4600, 5390)"
4940,6340,485,320,"(4600, 5390)"
4920,6360,376,303,"(4600, 5390)"
4900,6360,449,280,"(4600, 5390)"
4910,6360,416,237,"(4600, 5390)"
4860,6380,389,235,"(4600, 5390)"
4850,6380,327,208,"(4600, 5390)"
4840,6380,257,168,"(4600, 5390)"
4750,6400,273,232,"(4600, 5390)"
4690,6400,354,224,"(4600, 5390)"
4730,6400,334,224,"(4600, 5390)"
4710,6420,352,283,"(4600, 5390)"
4720,6420,368,261,"(4600, 5390)"
4730,6420,332,243,"(4600, 5390)"
4720,6440,382,282,"(4600, 5390)"
4730,6440,404,277,"(4600, 5390)"
4710,6440,364,259,"(4600, 5390)"
4730,6460,430,286,"(4600, 5390)"
4690,6460,373,256,"(4600, 5390)"
4720,6460,379,256,"(4600, 5390)"
4730,6480,384,268,"(4600, 5390)"
4720,6480,391,266,"(4600, 5390)"
4750,6480,344,254,"(4600, 5390)"
4720,6500,405,281,"(4600, 5390)"
4730,6500,368,272,"(4600, 5390)"
4690,6500,370,248,"(4600, 5390)"
4720,6520,353,244,"(4600, 5390)"
4730,6520,336,244,"(4600, 5390)"
4750,6520,297,236,"(4600, 5390)"
4740,6540,445,275,"(4600, 5390)"
4690,6540,360,269,"(4600, 5390)"
4710,6540,386,264,"(4600, 5390)"
4730,6560,366,265,"(4600, 5390)"
4750,6560,337,259,"(4600, 5390)"
4720,6560,379,245,"(4600, 5390)"
4730,6580,377,287,"(4600, 5390)"
4720,6580,399,276,"(4600, 5390)"
4750,6580,325,258,"(4600, 5390)"
4730,6600,417,317,"(4600, 5390)"
4720,6600,408,296,"(4600, 5390)"
4690,6600,394,290,"(4600, 5390)"
4720,6620,415,275,"(4600, 5390)"
4730,6620,374,273,"(4600, 5390)"
4620,6620,359,251,"(4600, 5390)"
4750,6640,331,253,"(4600, 5390)"
4730,6640,349,250,"(4600, 5390)"
4760,6640,317,250,"(4600, 5390)"
4730,6660,362,257,"(4600, 5390)"
4720,6660,386,250,"(4600, 5390)"
4680,6660,364,243,"(4600, 5390)"
4730,6680,375,269,"(4600, 5390)"
4690,6680,379,258,"(4600, 5390)"
4720,6680,339,235,"(4600, 5390)"
4750,6700,349,262,"(4600, 5390)"
4730,6700,373,260,"(4600, 5390)"
4720,6700,380,251,"(4600, 5390)"
4730,6720,410,288,"(4600, 5390)"
4720,6720,407,273,"(4600, 5390)"
4690,6720,367,262,"(4600, 5390)"
4730,6740,354,262,"(4600, 5390)"
4720,6740,352,254,"(4600, 5390)"
4750,6740,329,250,"(4600, 5390)"
4730,6760,383,265,"(4600, 5390)"
4720,6760,358,227,"(4600, 5390)"
4690,6760,335,222,"(4600, 5390)"
4750,6780,377,298,"(4600, 5390)"
4720,6780,409,280,"(4600, 5390)"
4690,6780,392,272,"(4600, 5390)"
4720,6800,405,272,"(4600, 5390)"
4690,6800,364,266,"(4600, 5390)"
4730,6800,350,256,"(4600, 5390)"
4720,6820,417,285,"(4600, 5390)"
4730,6820,376,265,"(4600, 5390)"
4680,6820,367,253,"(4600, 5390)"
4730,6840,398,274,"(4600, 5390)"
4720,6840,371,266,"(4600, 5390)"
4690,6840,393,259,"(4600, 5390)"
4720,6860,420,307,"(4600, 5390)"
4730,6860,383,261,"(4600, 5390)"
4760,6860,299,254,"(4600, 5390)"
4720,6880,404,292,"(4600, 5390)"
4730,6880,384,288,"(4600, 5390)"
4750,6880,357,257,"(4600, 5390)"
4720,6900,424,268,"(4600, 5390)"
4730,6900,383,268,"(4600, 5390)"
4690,6900,356,262,"(4600, 5390)"
4720,6920,391,273,"(4600, 5390)"
4730,6920,374,259,"(4600, 5390)"
4690,6920,344,243,"(4600, 5390)"
4690,6940,355,265,"(4600, 5390)"
4730,6940,376,257,"(4600, 5390)"
4720,6940,384,253,"(4600, 5390)"
4730,6960,373,274,"(4600, 5390)"
4720,6960,370,256,"(4600, 5390)"
4690,6960,372,252,"(4600, 5390)"
4690,6980,361,275,"(4600, 5390)"
4720,6980,392,266,"(4600, 5390)"
4730,6980,340,245,"(4600, 5390)"
4730,7000,383,279,"(4600, 5390)"
4720,7000,407,276,"(4600, 5390)"
4750,7000,380,254,"(4600, 5390)"
4690,7020,369,271,"(4600, 5390)"
4730,7020,347,247,"(4600, 5390)"
4740,7020,362,245,"(4600, 5390)"
4720,7040,380,246,"(4600, 5390)"
4690,7040,365,239,"(4600, 5390)"
4730,7040,340,238,"(4600, 5390)"
4730,7060,375,268,"(4600, 5390)"
4720,7060,375,264,"(4600, 5390)"
4690,7060,354,238,"(4600, 5390)"
4730,7080,405,296,"(4600, 5390)"
4690,7080,367,264,"(4600, 5390)"
4720,7080,369,264,"(4600, 5390)"
4720,7100,384,270,"(4600, 5390)"
4730,7100,355,261,"(4600, 5390)"
4690,7100,368,247,"(4600, 5390)"
4730,7120,376,298,"(4600, 5390)"
4720,7120,384,276,"(4600, 5390)"
4690,7120,368,259,"(4600, 5390)"
4730,7140,401,283,"(4600, 5390)"
4750,7140,341,266,"(4600, 5390)"
4720,7140,393,254,"(4600, 5390)"
4690,7160,378,282,"(4600, 5390)"
4730,7160,387,280,"(4600, 5390)"
4720,7160,394,275,"(4600, 5390)"
4730,7180,373,287,"(4600, 5390)"
4690,7180,376,270,"(4600, 5390)"
4720,7180,371,242,"(4600, 5390)"
4720,7200,407,284,"(4600, 5390)"
4730,7200,393,281,"(4600, 5390)"
4690,7200,336,244,"(4600, 5390)"
4730,7220,409,291,"(4600, 5390)"
4720,7220,395,266,"(4600, 5390)"
4690,7220,361,254,"(4600, 5390)"
4730,7240,358,259,"(4600, 5390)"
4690,7240,367,258,"(4600, 5390)"
4720,7240,369,254,"(4600, 5390)"
4720,7260,367,258,"(4600, 5390)"
4730,7260,345,248,"(4600, 5390)"
4690,7260,330,246,"(4600, 5390)"
4730,7280,381,274,"(4600, 5390)"
4720,7280,381,272,"(4600, 5390)"
4690,7280,369,270,"(4600, 5390)"
13326,11470,1513,1411,"(13236, 14000)"
13316,11470,1150,959,"(13236, 14000)"
13336,11470,1084,898,"(13236, 14000)"
13346,11490,1647,1480,"(13236, 14000)"
13356,11490,1142,1133,"(13236, 14000)"
13336,11490,1019,908,"(13236, 14000)"
13376,11510,1238,1217,"(13236, 14000)"
13366,11510,1357,1171,"(13236, 14000)"
13356,11510,962,913,"(13236, 14000)"
13396,11530,1321,1225,"(13236, 14000)"
13386,11530,1087,1053,"(13236, 14000)"
13406,11530,788,740,"(13236, 14000)"
13416,11550,1582,1405,"(13236, 14000)"
13406,11550,1028,1009,"(13236, 14000)"
13426,11550,858,838,"(13236, 14000)"
13436,11570,1741,1668,"(13236, 14000)"
13446,11570,941,922,"(13236, 14000)"
13426,11570,918,850,"(13236, 14000)"
13456,11590,1561,1491,"(13236, 14000)"
13446,11590,904,875,"(13236, 14000)"
13466,11590,955,869,"(13236, 14000)"
13476,11610,1517,1288,"(13236, 14000)"
13486,11610,1052,1018,"(13236, 14000)"
13466,11610,825,762,"(13236, 14000)"
13496,11630,1461,1379,"(13236, 14000)"
13506,11630,1092,1065,"(13236, 14000)"
13486,11630,826,788,"(13236, 14000)"
13516,11650,1587,1480,"(13236, 14000)"
13526,11650,1142,1107,"(13236, 14000)"
13506,11650,919,885,"(13236, 14000)"
13536,11670,1746,1702,"(13236, 14000)"
13546,11670,1233,1169,"(13236, 14000)"
13526,11670,1117,1090,"(13236, 14000)"
13556,11690,1594,1537,"(13236, 14000)"
13546,11690,1292,1201,"(13236, 14000)"
13566,11690,1080,993,"(13236, 14000)"
13566,11710,1548,1375,"(13236, 14000)"
13576,11710,1326,1277,"(13236, 14000)"
13556,11710,1121,1063,"(13236, 14000)"
13586,11730,1905,1770,"(13236, 14000)"
13596,11730,1113,1089,"(13236, 14000)"
13576,11730,1065,972,"(13236, 14000)"
13606,11750,1728,1585,"(13236, 14000)"
13596,11750,1155,1132,"(13236, 14000)"
13616,11750,1163,1006,"(13236, 14000)"
13626,11770,1915,1900,"(13236, 14000)"
13616,11770,1345,1224,"(13236, 14000)"
13636,11770,1232,1139,"(13236, 14000)"
13646,11790,1664,1434,"(13236, 14000)"
13636,11790,1066,1047,"(13236, 14000)"
13656,11790,1157,989,"(13236, 14000)"
13666,11810,1389,1235,"(13236, 14000)"
13676,11810,1255,1233,"(13236, 14000)"
13656,11810,846,814,"(13236, 14000)"
13696,11830,1459,1363,"(13236, 14000)"
13686,11830,1111,1064,"(13236, 14000)"
13676,11830,824,806,"(13236, 14000)"
13716,11850,1894,1863,"(13236, 14000)"
13706,11850,916,832,"(13236, 14000)"
13726,11850,878,714,"(13236, 14000)"
13736,11870,1518,1517,"(13236, 14000)"
13746,11870,958,915,"(13236, 14000)"
13726,11870,836,751,"(13236, 14000)"
13756,11890,1194,1185,"(13236, 14000)"
13766,11890,1209,1065,"(13236, 14000)"
13746,11890,760,727,"(13236, 14000)"
13786,11910,1578,1396,"(13236, 14000)"
13776,11910,958,816,"(13236, 14000)"
13796,11910,737,706,"(13236, 14000)"
13806,11930,1538,1257,"(13236, 14000)"
13816,11930,1016,956,"(13236, 14000)"
13796,11930,834,747,"(13236, 14000)"
13836,11950,1359,1282,"(13236, 14000)"
13826,11950,987,908,"(13236, 14000)"
13846,11950,789,713,"(13236, 14000)"
13856,11970,1351,1297,"(13236, 14000)"
13866,11970,1182,1165,"(13236, 14000)"
13876,11970,774,697,"(13236, 14000)"
13886,11990,1846,1801,"(13236, 14000)"
13896,11990,1115,995,"(13236, 14000)"
13876,11990,1083,982,"(13236, 14000)"
13916,12010,1654,1511,"(13236, 14000)"
13906,12010,1136,1042,"(13236, 14000)"
13926,12010,1030,985,"(13236, 14000)"
13946,12030,1448,1298,"(13236, 14000)"
13936,12030,1182,1099,"(13236, 14000)"
13956,12030,991,936,"(13236, 14000)"
13976,12050,1477,1469,"(13236, 14000)"
13966,12050,1163,1084,"(13236, 14000)"
13986,12050,935,833,"(13236, 14000)"
13996,12070,1193,1177,"(13236, 14000)"
13986,12070,832,670,"(13236, 14000)"
13976,12070,640,561,"(13236, 14000)"
13996,12090,574,528,"(13236, 14000)"
13986,12090,478,441,"(13236, 14000)"
13976,12090,400,354,"(13236, 14000)"
13996,12110,415,337,"(13236, 14000)"
13986,12110,378,303,"(13236, 14000)"
13966,12110,322,272,"(13236, 14000)"
1195,16708,665,564,"(1145, 1496)"
1215,16708,410,384,"(1145, 1496)"
1205,16708,479,382,"(1145, 1496)"
1195,16728,697,644,"(1145, 1496)"
1165,16728,495,452,"(1145, 1496)"
1175,16728,487,444,"(1145, 1496)"
1195,16748,667,549,"(1145, 1496)"
1205,16748,510,423,"(1145, 1496)"
1165,16748,472,403,"(1145, 1496)"
1195,16768,680,514,"(1145, 1496)"
1175,16768,529,491,"(1145, 1496)"
1185,16768,574,490,"(1145, 1496)"
1195,16788,752,661,"(1145, 1496)"
1205,16788,622,578,"(1145, 1496)"
1185,16788,649,532,"(1145, 1496)"
1195,16808,838,727,"(1145, 1496)"
1205,16808,709,659,"(1145, 1496)"
1185,16808,704,603,"(1145, 1496)"
1195,16828,1104,991,"(1145, 1496)"
1185,16828,943,797,"(1145, 1496)"
1205,16828,909,775,"(1145, 1496)"
1205,16848,1225,1169,"(1145, 1496)"
1195,16848,1190,1122,"(1145, 1496)"
1215,16848,904,799,"(1145, 1496)"
1215,16868,1572,1382,"(1145, 1496)"
1205,16868,1089,1046,"(1145, 1496)"
1225,16868,1004,923,"(1145, 1496)"
1225,16888,1420,1322,"(1145, 1496)"
1235,16888,1277,1262,"(1145, 1496)"
1215,16888,917,858,"(1145, 1496)"
1245,16908,1785,1626,"(1145, 1496)"
1235,16908,1017,924,"(1145, 1496)"
1255,16908,944,832,"(1145, 1496)"
1265,16928,1348,1229,"(1145, 1496)"
1255,16928,1251,1186,"(1145, 1496)"
1245,16928,771,686,"(1145, 1496)"
1275,16948,1557,1267,"(1145, 1496)"
1285,16948,1050,973,"(1145, 1496)"
1265,16948,919,817,"(1145, 1496)"
1295,16968,1630,1590,"(1145, 1496)"
1285,16968,1028,912,"(1145, 1496)"
1305,16968,912,893,"(1145, 1496)"
1315,16988,1313,1290,"(1145, 1496)"
1305,16988,1226,1220,"(1145, 1496)"
1295,16988,809,777,"(1145, 1496)"
1325,17008,1390,1256,"(1145, 1496)"
1335,17008,1104,1080,"(1145, 1496)"
1315,17008,859,726,"(1145, 1496)"
1345,17028,1662,1622,"(1145, 1496)"
1355,17028,1041,922,"(1145, 1496)"
1335,17028,924,891,"(1145, 1496)"
1365,17048,1669,1628,"(1145, 1496)"
1355,17048,1061,990,"(1145, 1496)"
1375,17048,945,922,"(1145, 1496)"
1385,17068,1385,1341,"(1145, 1496)"
1375,17068,1192,1187,"(1145, 1496)"
1395,17068,852,814,"(1145, 1496)"
1395,17088,1509,1504,"(1145, 1496)"
1405,17088,1177,984,"(1145, 1496)"
1385,17088,875,829,"(1145, 1496)"
1415,17108,1672,1468,"(1145, 1496)"
1405,17108,1008,992,"(1145, 1496)"
1425,17108,925,861,"(1145, 1496)"
1425,17128,1370,1286,"(1145, 1496)"
1435,17128,1061,948,"(1145, 1496)"
1445,17128,777,709,"(1145, 1496)"
1445,17148,1560,1458,"(1145, 1496)"
1435,17148,1049,988,"(1145, 1496)"
1455,17148,951,936,"(1145, 1496)"
1465,17168,1190,1102,"(1145, 1496)"
1455,17168,1276,1074,"(1145, 1496)"
1475,17168,793,678,"(1145, 1496)"
1475,17188,1395,1211,"(1145, 1496)"
1485,17188,1125,913,"(1145, 1496)"
1465,17188,913,870,"(1145, 1496)"
1495,17208,1595,1535,"(1145, 1496)"
1485,17208,1100,909,"(1145, 1496)"
1475,17208,877,857,"(1145, 1496)"
1495,17228,850,810,"(1145, 1496)"
1485,17228,780,703,"(1145, 1496)"
1475,17228,741,678,"(1145, 1496)"
3783,17246,1605,1545,"(3773, 4594)"
3773,17246,1190,1155,"(3773, 4594)"
3793,17246,1136,1113,"(3773, 4594)"
3793,17266,1532,1412,"(3773, 4594)"
3803,17266,1226,1198,"(3773, 4594)"
3783,17266,1171,983,"(3773, 4594)"
3803,17286,1446,1391,"(3773, 4594)"
3813,17286,1126,1067,"(3773, 4594)"
3793,17286,1230,1016,"(3773, 4594)"
3813,17306,1486,1304,"(3773, 4594)"
3803,17306,1280,1174,"(3773, 4594)"
3823,17306,1170,1030,"(3773, 4594)"
3823,17326,1584,1511,"(3773, 4594)"
3813,17326,1220,1166,"(3773, 4594)"
3833,17326,1367,1116,"(3773, 4594)"
3843,17346,1573,1331,"(3773, 4594)"
3853,17346,1288,1157,"(3773, 4594)"
3833,17346,1273,1103,"(3773, 4594)"
3863,17366,1629,1607,"(3773, 4594)"
3873,17366,1365,1228,"(3773, 4594)"
3853,17366,1087,977,"(3773, 4594)"
3883,17386,1430,1384,"(3773, 4594)"
3893,17386,1374,1070,"(3773, 4594)"
3873,17386,952,883,"(3773, 4594)"
3903,17406,1336,1328,"(3773, 4594)"
3913,17406,1376,1309,"(3773, 4594)"
3923,17406,935,910,"(3773, 4594)"
3933,17426,1443,1392,"(3773, 4594)"
3923,17426,1195,1159,"(3773, 4594)"
3943,17426,819,792,"(3773, 4594)"
3953,17446,1582,1482,"(3773, 4594)"
3943,17446,1065,1058,"(3773, 4594)"
3963,17446,922,847,"(3773, 4594)"
3973,17466,1617,1549,"(3773, 4594)"
3983,17466,1049,975,"(3773, 4594)"
3963,17466,925,917,"(3773, 4594)"
3993,17486,1292,1117,"(3773, 4594)"
4003,17486,1281,1099,"(3773, 4594)"
4013,17486,826,803,"(3773, 4594)"
4023,17506,1526,1456,"(3773, 4594)"
4013,17506,1070,1026,"(3773, 4594)"
4033,17506,1009,931,"(3773, 4594)"
4053,17526,1669,1566,"(3773, 4594)"
4063,17526,1247,1098,"(3773, 4594)"
4043,17526,1071,886,"(3773, 4594)"
4083,17546,1880,1774,"(3773, 4594)"
4093,17546,1198,1180,"(3773, 4594)"
4073,17546,1211,1077,"(3773, 4594)"
4113,17566,1729,1603,"(3773, 4594)"
4103,17566,1202,1144,"(3773, 4594)"
4123,17566,1177,1141,"(3773, 4594)"
4143,17586,1627,1511,"(3773, 4594)"
4133,17586,1068,1062,"(3773, 4594)"
4153,17586,970,850,"(3773, 4594)"
4173,17606,1630,1536,"(3773, 4594)"
4163,17606,1236,1227,"(3773, 4594)"
4183,17606,1031,909,"(3773, 4594)"
4203,17626,1663,1515,"(3773, 4594)"
4213,17626,1140,1130,"(3773, 4594)"
4193,17626,1082,1057,"(3773, 4594)"
4233,17646,1761,1717,"(3773, 4594)"
4243,17646,1281,1212,"(3773, 4594)"
4223,17646,1104,1005,"(3773, 4594)"
4263,17666,1885,1705,"(3773, 4594)"
4273,17666,1551,1542,"(3773, 4594)"
4253,17666,1406,1336,"(3773, 4594)"
4593,17686,1500,1469,"(3773, 4594)"
4513,17686,1500,1461,"(3773, 4594)"
4583,17686,1504,1454,"(3773, 4594)"
4403,17706,1256,1222,"(3773, 4594)"
4353,17706,1257,1218,"(3773, 4594)"
4553,17706,1242,1214,"(3773, 4594)"
4593,17726,1189,1167,"(3773, 4594)"
4373,17726,1186,1152,"(3773, 4594)"
4313,17726,1180,1144,"(3773, 4594)"
4523,17746,1180,1157,"(3773, 4594)"
4413,17746,1183,1154,"(3773, 4594)"
4423,17746,1175,1140,"(3773, 4594)"
4583,17766,1180,1159,"(3773, 4594)"
4373,17766,1184,1154,"(3773, 4594)"
4503,17766,1184,1144,"(3773, 4594)"
4413,17786,1178,1126,"(3773, 4594)"
4323,17786,1183,1125,"(3773, 4594)"
4573,17786,1171,1119,"(3773, 4594)"
4523,17806,1180,1150,"(3773, 4594)"
4323,17806,1184,1127,"(3773, 4594)"
4423,17806,1188,1124,"(3773, 4594)"
4483,17826,1168,1142,"(3773, 4594)"
4473,17826,1159,1116,"(3773, 4594)"
4443,17826,1160,1109,"(3773, 4594)"
4433,17846,1173,1141,"(3773, 4594)"
4543,17846,1177,1134,"(3773, 4594)"
4483,17846,1175,1130,"(3773, 4594)"
4513,17866,1189,1152,"(3773, 4594)"
4503,17866,1185,1151,"(3773, 4594)"
4393,17866,1181,1138,"(3773, 4594)"
4313,17886,1159,1123,"(3773, 4594)"
4433,17886,1159,1113,"(3773, 4594)"
4403,17886,1163,1110,"(3773, 4594)"
4363,17906,1178,1142,"(3773, 4594)"
4313,17906,1167,1114,"(3773, 4594)"
4303,17906,1135,1099,"(3773, 4594)"
4473,17926,1173,1125,"(3773, 4594)"
4573,17926,1166,1115,"(3773, 4594)"
4543,17926,1162,1111,"(3773, 4594)"
4533,17946,1169,1138,"(3773, 4594)"
4513,17946,1179,1134,"(3773, 4594)"
4523,17946,1174,1134,"(3773, 4594)"
4573,17966,1174,1141,"(3773, 4594)"
4353,17966,1191,1129,"(3773, 4594)"
4413,17966,1195,1127,"(3773, 4594)"
4543,17986,1169,1138,"(3773, 4594)"
4403,17986,1179,1135,"(3773, 4594)"
4573,17986,1180,1128,"(3773, 4594)"
4333,18006,1191,1154,"(3773, 4594)"
4513,18006,1194,1153,"(3773, 4594)"
4403,18006,1180,1147,"(3773, 4594)"
4363,18026,1181,1150,"(3773, 4594)"
4453,18026,1170,1126,"(3773, 4594)"
4353,18026,1182,1119,"(3773, 4594)"
4343,18046,1182,1127,"(3773, 4594)"
4443,18046,1169,1121,"(3773, 4594)"
4323,18046,1166,1105,"(3773, 4594)"
4393,18066,1178,1150,"(3773, 4594)"
4353,18066,1183,1147,"(3773, 4594)"
4333,18066,1181,1136,"(3773, 4594)"
4583,18086,1178,1128,"(3773, 4594)"
4563,18086,1170,1125,"(3773, 4594)"
4423,18086,1169,1124,"(3773, 4594)"
4363,18106,1187,1157,"(3773, 4594)"
4353,18106,1186,1156,"(3773, 4594)"
4343,18106,1187,1149,"(3773, 4594)"
4313,18126,1169,1145,"(3773, 4594)"
4393,18126,1183,1143,"(3773, 4594)"
4413,18126,1180,1136,"(3773, 4594)"
4373,18146,1180,1130,"(3773, 4594)"
4523,18146,1176,1116,"(3773, 4594)"
4593,18146,1180,1111,"(3773, 4594)"
4353,18166,1202,1161,"(3773, 4594)"
4343,18166,1192,1148,"(3773, 4594)"
4543,18166,1187,1144,"(3773, 4594)"
4343,18186,1197,1171,"(3773, 4594)"
4403,18186,1198,1162,"(3773, 4594)"
4373,18186,1194,1156,"(3773, 4594)"
4553,18206,1185,1169,"(3773, 4594)"
4393,18206,1180,1152,"(3773, 4594)"
4583,18206,1190,1148,"(3773, 4594)"
4503,18226,1178,1151,"(3773, 4594)"
4403,18226,1170,1140,"(3773, 4594)"
4373,18226,1171,1137,"(3773, 4594)"
4720,18300,1764,1642,"(4600, 5390)"
4730,18300,1525,1367,"(4600, 5390)"
4710,18300,1399,1327,"(4600, 5390)"
4720,18320,1762,1624,"(4600, 5390)"
4730,18320,1533,1377,"(4600, 5390)"
4710,18320,1392,1246,"(4600, 5390)"
4720,18340,1761,1619,"(4600, 5390)"
4730,18340,1532,1460,"(4600, 5390)"
4710,18340,1391,1358,"(4600, 5390)"
4720,18360,1768,1581,"(4600, 5390)"
4730,18360,1534,1472,"(4600, 5390)"
4710,18360,1391,1309,"(4600, 5390)"
4720,18380,1765,1624,"(4600, 5390)"
4730,18380,1541,1494,"(4600, 5390)"
4740,18380,1327,1254,"(4600, 5390)"
4720,18400,1769,1630,"(4600, 5390)"
4730,18400,1533,1395,"(4600, 5390)"
4710,18400,1391,1322,"(4600, 5390)"
4720,18420,1754,1722,"(4600, 5390)"
4730,18420,1535,1417,"(4600, 5390)"
4710,18420,1390,1278,"(4600, 5390)"
4720,18440,1692,1591,"(4600, 5390)"
4710,18440,1401,1362,"(4600, 5390)"
4730,18440,1543,1310,"(4600, 5390)"
4730,18460,1674,1449,"(4600, 5390)"
4740,18460,1556,1298,"(4600, 5390)"
4720,18460,1389,1246,"(4600, 5390)"
4750,18480,1703,1482,"(4600, 5390)"
4740,18480,1492,1339,"(4600, 5390)"
4760,18480,1437,1280,"(4600, 5390)"
4770,18500,1716,1669,"(4600, 5390)"
4760,18500,1541,1507,"(4600, 5390)"
4780,18500,1304,1284,"(4600, 5390)"
4790,18520,1731,1554,"(4600, 5390)"
4780,18520,1452,1306,"(4600, 5390)"
4800,18520,1163,1083,"(4600, 5390)"
4800,18540,1631,1620,"(4600, 5390)"
4810,18540,1397,1370,"(4600, 5390)"
4790,18540,1024,891,"(4600, 5390)"
4820,18560,1745,1650,"(4600, 5390)"
4810,18560,1248,1117,"(4600, 5390)"
4830,18560,997,838,"(4600, 5390)"
4830,18580,1518,1394,"(4600, 5390)"
4840,18580,1453,1262,"(4600, 5390)"
4820,18580,864,826,"(4600, 5390)"
4850,18600,1531,1425,"(4600, 5390)"
4860,18600,1332,1234,"(4600, 5390)"
4840,18600,959,869,"(4600, 5390)"
4870,18620,1513,1451,"(4600, 5390)"
4880,18620,1458,1313,"(4600, 5390)"
4860,18620,1084,1003,"(4600, 5390)"
4900,18640,1862,1657,"(4600, 5390)"
4910,18640,1227,1166,"(4600, 5390)"
4890,18640,1236,1156,"(4600, 5390)"
4920,18660,1599,1503,"(4600, 5390)"
4930,18660,1362,1305,"(4600, 5390)"
4910,18660,1070,953,"(4600, 5390)"
4950,18680,1761,1484,"(4600, 5390)"
4940,18680,1140,1043,"(4600, 5390)"
4960,18680,1001,847,"(4600, 5390)"
4970,18700,1426,1366,"(4600, 5390)"
4980,18700,1334,1323,"(4600, 5390)"
4990,18700,1014,952,"(4600, 5390)"
5000,18720,1814,1752,"(4600, 5390)"
4990,18720,1231,1225,"(4600, 5390)"
5010,18720,1020,903,"(4600, 5390)"
5020,18740,1283,1255,"(4600, 5390)"
5030,18740,1362,1241,"(4600, 5390)"
5010,18740,925,865,"(4600, 5390)"
5050,18760,1587,1446,"(4600, 5390)"
5060,18760,1420,1412,"(4600, 5390)"
5040,18760,1060,1003,"(4600, 5390)"
5090,18780,1460,1452,"(4600, 5390)"
5080,18780,1246,1174,"(4600, 5390)"
5100,18780,970,915,"(4600, 5390)"
5120,18800,1471,1327,"(4600, 5390)"
5110,18800,1308,1296,"(4600, 5390)"
5100,18800,915,823,"(4600, 5390)"
5140,18820,1328,1189,"(4600, 5390)"
5150,18820,1207,1026,"(4600, 5390)"
5130,18820,884,758,"(4600, 5390)"
5170,18840,1240,1179,"(4600, 5390)"
5180,18840,885,833,"(4600, 5390)"
5160,18840,820,718,"(4600, 5390)"
5190,18860,1253,1223,"(4600, 5390)"
5200,18860,1308,1160,"(4600, 5390)"
5180,18860,757,720,"(4600, 5390)"
5220,18880,1683,1561,"(4600, 5390)"
5210,18880,985,773,"(4600, 5390)"
5230,18880,732,628,"(4600, 5390)"
5240,18900,1690,1504,"(4600, 5390)"
5250,18900,1026,978,"(4600, 5390)"
5230,18900,862,796,"(4600, 5390)"
5260,18920,1657,1487,"(4600, 5390)"
5250,18920,821,784,"(4600, 5390)"
5270,18920,862,784,"(4600, 5390)"
5280,18940,1541,1378,"(4600, 5390)"
5270,18940,845,812,"(4600, 5390)"
5290,18940,789,742,"(4600, 5390)"
5300,18960,1154,1147,"(4600, 5390)"
5290,18960,1253,1123,"(4600, 5390)"
5310,18960,804,677,"(4600, 5390)"
5310,18980,1443,1280,"(4600, 5390)"
5300,18980,1008,837,"(4600, 5390)"
5320,18980,796,666,"(4600, 5390)"
15113,21360,621,561,"(15113, 16612)"
15123,21360,597,518,"(15113, 16612)"
15143,21360,554,503,"(15113, 16612)"
15113,21380,783,676,"(15113, 16612)"
15123,21380,715,652,"(15113, 16612)"
15133,21380,632,545,"(15113, 16612)"
15113,21400,898,817,"(15113, 16612)"
15123,21400,843,800,"(15113, 16612)"
15133,21400,717,612,"(15113, 16612)"
15113,21420,1435,1419,"(15113, 16612)"
15123,21420,1146,993,"(15113, 16612)"
15133,21420,893,737,"(15113, 16612)"
15123,21440,1672,1350,"(15113, 16612)"
15133,21440,1310,1286,"(15113, 16612)"
15113,21440,1151,1054,"(15113, 16612)"
15143,21460,1471,1397,"(15113, 16612)"
15133,21460,1470,1372,"(15113, 16612)"
15123,21460,1076,990,"(15113, 16612)"
15153,21480,1631,1607,"(15113, 16612)"
15143,21480,1315,1227,"(15113, 16612)"
15163,21480,1045,935,"(15113, 16612)"
15163,21500,1547,1517,"(15113, 16612)"
15153,21500,1328,1165,"(15113, 16612)"
15173,21500,1032,863,"(15113, 16612)"
15163,21520,1615,1604,"(15113, 16612)"
15173,21520,1270,1233,"(15113, 16612)"
15153,21520,1116,901,"(15113, 16612)"
15173,21540,1599,1540,"(15113, 16612)"
15163,21540,1302,1147,"(15113, 16612)"
15153,21540,991,838,"(15113, 16612)"
15173,21560,1665,1648,"(15113, 16612)"
15163,21560,1107,1024,"(15113, 16612)"
15183,21560,1080,1010,"(15113, 16612)"
15173,21580,1297,1195,"(15113, 16612)"
15183,21580,1350,1189,"(15113, 16612)"
15163,21580,941,823,"(15113, 16612)"
15183,21600,1622,1384,"(15113, 16612)"
15193,21600,1141,1124,"(15113, 16612)"
15173,21600,1054,860,"(15113, 16612)"
15183,21620,1332,1246,"(15113, 16612)"
15193,21620,1312,1221,"(15113, 16612)"
15203,21620,946,879,"(15113, 16612)"
15193,21640,1630,1431,"(15113, 16612)"
15183,21640,1099,1076,"(15113, 16612)"
15203,21640,1138,1018,"(15113, 16612)"
15193,21660,1385,1373,"(15113, 16612)"
15203,21660,1322,1308,"(15113, 16612)"
15183,21660,977,961,"(15113, 16612)"
15203,21680,1611,1453,"(15113, 16612)"
15213,21680,1162,1063,"(15113, 16612)"
15193,21680,1094,948,"(15113, 16612)"
15213,21700,1563,1508,"(15113, 16612)"
15203,21700,1245,1135,"(15113, 16612)"
15223,21700,1028,907,"(15113, 16612)"
15223,21720,1501,1274,"(15113, 16612)"
15213,21720,1308,1112,"(15113, 16612)"
15233,21720,999,859,"(15113, 16612)"
15233,21740,1446,1354,"(15113, 16612)"
15223,21740,1380,1331,"(15113, 16612)"
15243,21740,980,936,"(15113, 16612)"
15243,21760,1407,1294,"(15113, 16612)"
15233,21760,1404,1252,"(15113, 16612)"
15253,21760,971,876,"(15113, 16612)"
15253,21780,1433,1426,"(15113, 16612)"
15243,21780,1345,1322,"(15113, 16612)"
15233,21780,915,906,"(15113, 16612)"
15263,21800,1493,1335,"(15113, 16612)"
15253,21800,1219,996,"(15113, 16612)"
15273,21800,860,778,"(15113, 16612)"
15273,21820,1659,1430,"(15113, 16612)"
15263,21820,1092,1075,"(15113, 16612)"
15283,21820,985,969,"(15113, 16612)"
15283,21840,1809,1661,"(15113, 16612)"
15273,21840,1041,1025,"(15113, 16612)"
15293,21840,1004,997,"(15113, 16612)"
15293,21860,1785,1430,"(15113, 16612)"
15303,21860,1007,950,"(15113, 16612)"
15283,21860,1022,926,"(15113, 16612)"
15303,21880,1739,1551,"(15113, 16612)"
15313,21880,1114,942,"(15113, 16612)"
15293,21880,978,783,"(15113, 16612)"
14396,24900,651,530,"(14396, 15046)"
14406,24900,536,462,"(14396, 15046)"
14416,24900,487,356,"(14396, 15046)"
14396,24920,809,653,"(14396, 15046)"
14406,24920,667,486,"(14396, 15046)"
14416,24920,534,415,"(14396, 15046)"
14396,24940,1228,1137,"(14396, 15046)"
14406,24940,853,754,"(14396, 15046)"
14416,24940,633,464,"(14396, 15046)"
14396,24960,1443,1333,"(14396, 15046)"
14406,24960,1287,1125,"(14396, 15046)"
14416,24960,904,741,"(14396, 15046)"
14416,24980,1711,1486,"(14396, 15046)"
14406,24980,1138,1098,"(14396, 15046)"
14426,24980,1013,945,"(14396, 15046)"
14426,25000,1672,1592,"(14396, 15046)"
14436,25000,1103,950,"(14396, 15046)"
14416,25000,985,882,"(14396, 15046)"
14436,25020,1313,1282,"(14396, 15046)"
14446,25020,1319,1272,"(14396, 15046)"
14456,25020,866,747,"(14396, 15046)"
14456,25040,1535,1463,"(14396, 15046)"
14446,25040,1119,1073,"(14396, 15046)"
14466,25040,991,883,"(14396, 15046)"
14466,25060,1682,1425,"(14396, 15046)"
14476,25060,1062,1013,"(14396, 15046)"
14456,25060,1019,932,"(14396, 15046)"
14476,25080,1435,1186,"(14396, 15046)"
14486,25080,1272,1142,"(14396, 15046)"
14466,25080,878,832,"(14396, 15046)"
14496,25100,1512,1289,"(14396, 15046)"
14486,25100,1185,1083,"(14396, 15046)"
14506,25100,988,852,"(14396, 15046)"
14506,25120,1857,1592,"(14396, 15046)"
14496,25120,998,793,"(14396, 15046)"
14516,25120,950,767,"(14396, 15046)"
14516,25140,1621,1442,"(14396, 15046)"
14526,25140,971,914,"(14396, 15046)"
14506,25140,804,732,"(14396, 15046)"
14526,25160,1406,1221,"(14396, 15046)"
14536,25160,1079,861,"(14396, 15046)"
14516,25160,745,693,"(14396, 15046)"
14536,25180,1284,1238,"(14396, 15046)"
14546,25180,1231,1182,"(14396, 15046)"
14556,25180,831,698,"(14396, 15046)"
14556,25200,1467,1197,"(14396, 15046)"
14546,25200,1233,1082,"(14396, 15046)"
14566,25200,967,945,"(14396, 15046)"
14566,25220,1871,1846,"(14396, 15046)"
14556,25220,1153,1091,"(14396, 15046)"
14576,25220,1058,924,"(14396, 15046)"
14576,25240,1573,1395,"(14396, 15046)"
14586,25240,1253,1206,"(14396, 15046)"
14566,25240,998,932,"(14396, 15046)"
14596,25260,1512,1427,"(14396, 15046)"
14586,25260,1369,1192,"(14396, 15046)"
14576,25260,949,933,"(14396, 15046)"
14606,25280,1779,1610,"(14396, 15046)"
14616,25280,1268,1142,"(14396, 15046)"
14596,25280,1121,1037,"(14396, 15046)"
14626,25300,1738,1721,"(14396, 15046)"
14616,25300,1255,1230,"(14396, 15046)"
14636,25300,1197,1001,"(14396, 15046)"
14646,25320,1758,1591,"(14396, 15046)"
14636,25320,1384,1235,"(14396, 15046)"
14656,25320,1189,1151,"(14396, 15046)"
14666,25340,1906,1827,"(14396, 15046)"
14656,25340,1362,1339,"(14396, 15046)"
14676,25340,1324,1115,"(14396, 15046)"
14686,25360,1751,1647,"(14396, 15046)"
14696,25360,1366,1230,"(14396, 15046)"
14676,25360,1180,1148,"(14396, 15046)"
14706,25380,1643,1566,"(14396, 15046)"
14716,25380,1348,1286,"(14396, 15046)"
14696,25380,1070,936,"(14396, 15046)"
14726,25400,1634,1580,"(14396, 15046)"
14716,25400,1099,1060,"(14396, 15046)"
14736,25400,1160,1028,"(14396, 15046)"
14746,25420,1631,1367,"(14396, 15046)"
14736,25420,1101,995,"(14396, 15046)"
14756,25420,1035,978,"(14396, 15046)"
14766,25440,1593,1576,"(14396, 15046)"
14756,25440,1293,1235,"(14396, 15046)"
14746,25440,848,803,"(14396, 15046)"
14776,25460,1446,1378,"(14396, 15046)"
14786,25460,1269,1050,"(14396, 15046)"
14766,25460,900,844,"(14396, 15046)"
14796,25480,1836,1785,"(14396, 15046)"
14786,25480,1011,941,"(14396, 15046)"
14806,25480,1016,929,"(14396, 15046)"
14816,25500,1466,1433,"(14396, 15046)"
14806,25500,1169,1037,"(14396, 15046)"
14826,25500,928,897,"(14396, 15046)"
14826,25520,1703,1634,"(14396, 15046)"
14836,25520,1162,1115,"(14396, 15046)"
14816,25520,993,883,"(14396, 15046)"
14846,25540,1440,1245,"(14396, 15046)"
14836,25540,1222,1006,"(14396, 15046)"
14826,25540,802,697,"(14396, 15046)"
14856,25560,1537,1387,"(14396, 15046)"
14866,25560,1096,973,"(14396, 15046)"
14846,25560,834,740,"(14396, 15046)"
14876,25580,1715,1589,"(14396, 15046)"
14886,25580,868,791,"(14396, 15046)"
14866,25580,908,731,"(14396, 15046)"
14896,25600,1304,1291,"(14396, 15046)"
14886,25600,1131,1106,"(14396, 15046)"
14906,25600,794,690,"(14396, 15046)"
14906,25620,1385,1291,"(14396, 15046)"
14916,25620,997,989,"(14396, 15046)"
14896,25620,796,767,"(14396, 15046)"
14926,25640,1597,1390,"(14396, 15046)"
14916,25640,1052,940,"(14396, 15046)"
14936,25640,858,725,"(14396, 15046)"
14946,25660,1218,1205,"(14396, 15046)"
14936,25660,1185,1181,"(14396, 15046)"
14956,25660,892,781,"(14396, 15046)"
14956,25680,1443,1390,"(14396, 15046)"
14966,25680,1028,997,"(14396, 15046)"
14946,25680,883,845,"(14396, 15046)"
14976,25700,1532,1501,"(14396, 15046)"
14966,25700,1058,1036,"(14396, 15046)"
14986,25700,906,843,"(14396, 15046)"
14986,25720,1753,1753,"(14396, 15046)"
14996,25720,1024,978,"(14396, 15046)"
14976,25720,989,965,"(14396, 15046)"
14996,25740,1395,1347,"(14396, 15046)"
14986,25740,1206,1119,"(14396, 15046)"
15006,25740,1044,950,"(14396, 15046)"
14996,25760,1685,1610,"(14396, 15046)"
15006,25760,1203,1119,"(14396, 15046)"
14986,25760,1016,968,"(14396, 15046)"
15006,25780,1341,1326,"(14396, 15046)"
14996,25780,1361,1174,"(14396, 15046)"
15016,25780,1022,962,"(14396, 15046)"
15006,25800,1679,1551,"(14396, 15046)"
14996,25800,1122,1075,"(14396, 15046)"
15016,25800,1137,1006,"(14396, 15046)"
15016,25820,1597,1581,"(14396, 15046)"
15006,25820,1275,1075,"(14396, 15046)"
15026,25820,1122,1014,"(14396, 15046)"
15026,25840,1811,1616,"(14396, 15046)"
15016,25840,1225,1202,"(14396, 15046)"
15036,25840,1281,1123,"(14396, 15046)"
15036,25860,1448,1333,"(14396, 15046)"
15026,25860,1071,883,"(14396, 15046)"
15016,25860,864,784,"(14396, 15046)"
15036,25880,834,809,"(14396, 15046)"
15026,25880,690,549,"(14396, 15046)"
15016,25880,588,492,"(14396, 15046)"
15036,25900,598,550,"(14396, 15046)"
15026,25900,521,496,"(14396, 15046)"
15016,25900,470,434,"(14396, 15046)"
15036,25920,466,419,"(14396, 15046)"
15026,25920,408,372,"(14396, 15046)"
15016,25920,387,350,"(14396, 15046)"
15036,25940,355,292,"(14396, 15046)"
15026,25940,354,277,"(14396, 15046)"
15016,25940,335,270,"(14396, 15046)"
15036,25960,276,233,"(14396, 15046)"
15026,25960,254,205,"(14396, 15046)"
14996,25960,260,197,"(14396, 15046)"
15036,25980,248,173,"(14396, 15046)"
15016,25980,212,135,"(14396, 15046)"
14956,25980,374,134,"(14396, 15046)"
15123,26986,1265,1180,"(15113, 16612)"
15113,26986,1179,1071,"(15113, 16612)"
15133,26986,973,823,"(15113, 16612)"
15133,27006,1677,1524,"(15113, 16612)"
15143,27006,1325,1282,"(15113, 16612)"
15123,27006,1128,1099,"(15113, 16612)"
15153,27026,1845,1587,"(15113, 16612)"
15163,27026,1131,1106,"(15113, 16612)"
15143,27026,1164,990,"(15113, 16612)"
15173,27046,1629,1504,"(15113, 16612)"
15163,27046,1225,1102,"(15113, 16612)"
15183,27046,1019,943,"(15113, 16612)"
15193,27066,1557,1393,"(15113, 16612)"
15183,27066,1270,1171,"(15113, 16612)"
15203,27066,1057,998,"(15113, 16612)"
15203,27086,1436,1199,"(15113, 16612)"
15213,27086,1305,1188,"(15113, 16612)"
15193,27086,937,849,"(15113, 16612)"
15223,27106,1543,1505,"(15113, 16612)"
15233,27106,1249,1102,"(15113, 16612)"
15213,27106,985,853,"(15113, 16612)"
15243,27126,1710,1578,"(15113, 16612)"
15233,27126,1085,1063,"(15113, 16612)"
15253,27126,1138,1000,"(15113, 16612)"
15263,27146,1636,1610,"(15113, 16612)"
15253,27146,1084,989,"(15113, 16612)"
15273,27146,920,891,"(15113, 16612)"
15273,27166,1325,1324,"(15113, 16612)"
15283,27166,1368,1307,"(15113, 16612)"
15293,27166,839,809,"(15113, 16612)"
15293,27186,1752,1694,"(15113, 16612)"
15283,27186,1055,1011,"(15113, 16612)"
15303,27186,1003,902,"(15113, 16612)"
15303,27206,1470,1434,"(15113, 16612)"
15313,27206,1216,1136,"(15113, 16612)"
15293,27206,897,882,"(15113, 16612)"
15323,27226,1540,1432,"(15113, 16612)"
15313,27226,1182,1018,"(15113, 16612)"
15333,27226,977,835,"(15113, 16612)"
15333,27246,1783,1665,"(15113, 16612)"
15323,27246,1079,998,"(15113, 16612)"
15343,27246,1126,956,"(15113, 16612)"
15343,27266,1631,1561,"(15113, 16612)"
15353,27266,1207,1072,"(15113, 16612)"
15333,27266,1037,832,"(15113, 16612)"
15353,27286,1505,1486,"(15113, 16612)"
15363,27286,1306,1076,"(15113, 16612)"
15343,27286,963,849,"(15113, 16612)"
15373,27306,1305,1238,"(15113, 16612)"
15363,27306,1398,1040,"(15113, 16612)"
15353,27306,939,881,"(15113, 16612)"
15373,27326,1426,1207,"(15113, 16612)"
15383,27326,1223,1136,"(15113, 16612)"
15363,27326,908,856,"(15113, 16612)"
15383,27346,1472,1361,"(15113, 16612)"
15393,27346,1231,1122,"(15113, 16612)"
15373,27346,877,763,"(15113, 16612)"
15393,27366,1861,1768,"(15113, 16612)"
15403,27366,1037,979,"(15113, 16612)"
15383,27366,1021,969,"(15113, 16612)"
15403,27386,1436,1302,"(15113, 16612)"
15393,27386,1219,1137,"(15113, 16612)"
15383,27386,850,789,"(15113, 16612)"
15403,27406,1798,1654,"(15113, 16612)"
15393,27406,1005,972,"(15113, 16612)"
15413,27406,1037,920,"(15113, 16612)"
15413,27426,1376,1294,"(15113, 16612)"
15403,27426,1267,1250,"(15113, 16612)"
15393,27426,839,810,"(15113, 16612)"
15413,27446,1686,1575,"(15113, 16612)"
15423,27446,1101,1005,"(15113, 16612)"
15433,27446,840,801,"(15113, 16612)"
15423,27466,1373,1362,"(15113, 16612)"
15413,27466,1216,1198,"(15113, 16612)"
15433,27466,942,839,"(15113, 16612)"
15423,27486,1822,1781,"(15113, 16612)"
15433,27486,1150,1134,"(15113, 16612)"
15413,27486,1008,901,"(15113, 16612)"
15433,27506,1420,1397,"(15113, 16612)"
15423,27506,1313,1253,"(15113, 16612)"
15443,27506,1011,928,"(15113, 16612)"
15433,27526,1755,1714,"(15113, 16612)"
15443,27526,1287,1113,"(15113, 16612)"
15423,27526,1094,1080,"(15113, 16612)"
15443,27546,1673,1599,"(15113, 16612)"
15433,27546,1274,1196,"(15113, 16612)"
15453,27546,1198,1058,"(15113, 16612)"
15453,27566,1738,1641,"(15113, 16612)"
15443,27566,1253,1234,"(15113, 16612)"
15463,27566,1287,1186,"(15113, 16612)"
15463,27586,1527,1509,"(15113, 16612)"
15473,27586,1561,1328,"(15113, 16612)"
15483,27586,1201,1059,"(15113, 16612)"
15493,27606,1604,1429,"(15113, 16612)"
15483,27606,1575,1375,"(15113, 16612)"
15503,27606,1233,1180,"(15113, 16612)"
15513,27626,1668,1552,"(15113, 16612)"
15503,27626,1666,1468,"(15113, 16612)"
15523,27626,1408,1253,"(15113, 16612)"
15533,27646,1705,1416,"(15113, 16612)"
15523,27646,1522,1384,"(15113, 16612)"
15543,27646,1513,1339,"(15113, 16612)"
15563,27666,1142,1080,"(15113, 16612)"
15553,27666,1164,1019,"(15113, 16612)"
15543,27666,1024,1006,"(15113, 16612)"
15523,27686,314,266,"(15113, 16612)"
15513,27686,301,252,"(15113, 16612)"
15563,27686,262,247,"(15113, 16612)"
15493,27706,195,118,"(15113, 16612)"
16583,27706,140,82,"(15113, 16612)"
16153,27706,194,72,"(15113, 16612)"
15753,27726,250,117,"(15113, 16612)"
15763,27726,270,111,"(15113, 16612)"
16083,27726,171,96,"(15113, 16612)"
1606,29980,1823,1557,"(1496, 2456)"
1616,29980,1066,991,"(1496, 2456)"
1596,29980,1057,942,"(1496, 2456)"
1616,30000,1423,1292,"(1496, 2456)"
1626,30000,1283,1178,"(1496, 2456)"
1606,30000,939,830,"(1496, 2456)"
1636,30020,1462,1449,"(1496, 2456)"
1626,30020,1257,1161,"(1496, 2456)"
1646,30020,939,915,"(1496, 2456)"
1646,30040,1510,1364,"(1496, 2456)"
1636,30040,1189,1065,"(1496, 2456)"
1656,30040,874,854,"(1496, 2456)"
1656,30060,1275,1155,"(1496, 2456)"
1646,30060,1274,1081,"(1496, 2456)"
1666,30060,808,677,"(1496, 2456)"
1656,30080,1567,1297,"(1496, 2456)"
1666,30080,1112,1107,"(1496, 2456)"
1646,30080,912,879,"(1496, 2456)"
1666,30100,1687,1577,"(1496, 2456)"
1656,30100,1013,1004,"(1496, 2456)"
1676,30100,948,923,"(1496, 2456)"
1676,30120,1440,1149,"(1496, 2456)"
1666,30120,1122,1017,"(1496, 2456)"
1686,30120,858,789,"(1496, 2456)"
1686,30140,1319,1204,"(1496, 2456)"
1676,30140,1271,1073,"(1496, 2456)"
1696,30140,856,821,"(1496, 2456)"
1686,30160,1407,1364,"(1496, 2456)"
1696,30160,1244,1164,"(1496, 2456)"
1676,30160,834,820,"(1496, 2456)"
1696,30180,1465,1450,"(1496, 2456)"
1706,30180,1224,1142,"(1496, 2456)"
1686,30180,897,843,"(1496, 2456)"
1706,30200,1425,1339,"(1496, 2456)"
1716,30200,1207,1038,"(1496, 2456)"
1696,30200,903,813,"(1496, 2456)"
1716,30220,1275,1219,"(1496, 2456)"
1726,30220,1305,1194,"(1496, 2456)"
1706,30220,794,662,"(1496, 2456)"
1726,30240,1214,1201,"(1496, 2456)"
1736,30240,1281,1123,"(1496, 2456)"
1746,30240,758,748,"(1496, 2456)"
1736,30260,1552,1418,"(1496, 2456)"
1746,30260,1030,968,"(1496, 2456)"
1726,30260,864,753,"(1496, 2456)"
1746,30280,1555,1539,"(1496, 2456)"
1736,30280,1044,1012,"(1496, 2456)"
1756,30280,890,849,"(1496, 2456)"
1746,30300,1320,1292,"(1496, 2456)"
1756,30300,1282,1176,"(1496, 2456)"
1736,30300,786,724,"(1496, 2456)"
1756,30320,1366,1234,"(1496, 2456)"
1766,30320,1207,1181,"(1496, 2456)"
1746,30320,795,782,"(1496, 2456)"
1776,30340,1267,1206,"(1496, 2456)"
1766,30340,1131,1050,"(1496, 2456)"
1786,30340,808,713,"(1496, 2456)"
1786,30360,1463,1392,"(1496, 2456)"
1776,30360,1097,1064,"(1496, 2456)"
1796,30360,868,836,"(1496, 2456)"
1796,30380,1798,1775,"(1496, 2456)"
1806,30380,973,917,"(1496, 2456)"
1786,30380,1038,903,"(1496, 2456)"
1806,30400,1547,1385,"(1496, 2456)"
1816,30400,969,882,"(1496, 2456)"
1796,30400,877,785,"(1496, 2456)"
1826,30420,1303,1204,"(1496, 2456)"
1816,30420,1116,1012,"(1496, 2456)"
1836,30420,770,666,"(1496, 2456)"
1836,30440,1601,1366,"(1496, 2456)"
1846,30440,955,890,"(1496, 2456)"
1826,30440,884,796,"(1496, 2456)"
1856,30460,1502,1462,"(1496, 2456)"
1846,30460,1048,1030,"(1496, 2456)"
1866,30460,797,690,"(1496, 2456)"
1876,30480,1317,1242,"(1496, 2456)"
1866,30480,1149,1064,"(1496, 2456)"
1886,30480,845,766,"(1496, 2456)"
1886,30500,1383,1269,"(1496, 2456)"
1896,30500,1261,1117,"(1496, 2456)"
1906,30500,892,861,"(1496, 2456)"
1906,30520,1569,1371,"(1496, 2456)"
1916,30520,1277,1268,"(1496, 2456)"
1896,30520,977,933,"(1496, 2456)"
1926,30540,1469,1447,"(1496, 2456)"
1936,30540,1230,1208,"(1496, 2456)"
1916,30540,956,877,"(1496, 2456)"
1956,30560,1530,1397,"(1496, 2456)"
1946,30560,1393,1381,"(1496, 2456)"
1966,30560,1124,1062,"(1496, 2456)"
1976,30580,1723,1515,"(1496, 2456)"
1966,30580,1174,1139,"(1496, 2456)"
1986,30580,1265,1137,"(1496, 2456)"
2016,30600,1770,1659,"(1496, 2456)"
2026,30600,1681,1657,"(1496, 2456)"
2006,30600,1461,1284,"(1496, 2456)"
2106,30620,1735,1677,"(1496, 2456)"
2096,30620,1678,1639,"(1496, 2456)"
2086,30620,1425,1373,"(1496, 2456)"
2136,30640,1804,1691,"(1496, 2456)"
2126,30640,1472,1393,"(1496, 2456)"
2146,30640,1313,1175,"(1496, 2456)"
2156,30660,1651,1621,"(1496, 2456)"
2166,30660,1540,1320,"(1496, 2456)"
2146,30660,1196,1160,"(1496, 2456)"
2186,30680,1694,1655,"(1496, 2456)"
2176,30680,1579,1544,"(1496, 2456)"
2196,30680,1261,1153,"(1496, 2456)"
2206,30700,1775,1757,"(1496, 2456)"
2216,30700,1616,1587,"(1496, 2456)"
2226,30700,1408,1371,"(1496, 2456)"
2246,30720,1799,1741,"(1496, 2456)"
2256,30720,1717,1673,"(1496, 2456)"
2236,30720,1479,1388,"(1496, 2456)"
2276,30740,1771,1753,"(1496, 2456)"
2286,30740,1517,1466,"(1496, 2456)"
2266,30740,1378,1291,"(1496, 2456)"
2306,30760,1731,1648,"(1496, 2456)"
2296,30760,1534,1483,"(1496, 2456)"
2316,30760,1377,1292,"(1496, 2456)"
2326,30780,1664,1559,"(1496, 2456)"
2336,30780,1514,1362,"(1496, 2456)"
2316,30780,1243,1116,"(1496, 2456)"
2356,30800,1819,1735,"(1496, 2456)"
2366,30800,1433,1355,"(1496, 2456)"
2346,30800,1270,1163,"(1496, 2456)"
2386,30820,1905,1777,"(1496, 2456)"
2376,30820,1386,1306,"(1496, 2456)"
2396,30820,1432,1261,"(1496, 2456)"
2416,30840,1793,1635,"(1496, 2456)"
2426,30840,1451,1375,"(1496, 2456)"
2406,30840,1409,1159,"(1496, 2456)"
