scene,sequence,query_image,anchor_idx,num_matches,num_inliers
campus_train0,5kb1M1svQmCdlwVYX6iP4Q,5kb1M1svQmCdlwVYX6iP4Q/1109672756221448,11200,270,147
campus_train0,5kb1M1svQmCdlwVYX6iP4Q,5kb1M1svQmCdlwVYX6iP4Q/1109672756221448,11210,295,178
campus_train0,5kb1M1svQmCdlwVYX6iP4Q,5kb1M1svQmCdlwVYX6iP4Q/1109672756221448,11220,322,187
campus_train0,5kb1M1svQmCdlwVYX6iP4Q,5kb1M1svQmCdlwVYX6iP4Q/1109672756221448,11230,275,158
campus_train0,5kb1M1svQmCdlwVYX6iP4Q,5kb1M1svQmCdlwVYX6iP4Q/1109672756221448,11240,331,207
campus_train0,5kb1M1svQmCdlwVYX6iP4Q,5kb1M1svQmCdlwVYX6iP4Q/1109672756221448,11250,354,207
campus_train0,5kb1M1svQmCdlwVYX6iP4Q,5kb1M1svQmCdlwVYX6iP4Q/1109672756221448,11260,387,300
campus_train0,5kb1M1svQmCdlwVYX6iP4Q,5kb1M1svQmCdlwVYX6iP4Q/1109672756221448,11270,388,209
campus_train0,5kb1M1svQmCdlwVYX6iP4Q,5kb1M1svQmCdlwVYX6iP4Q/1109672756221448,11280,413,235
campus_train0,5kb1M1svQmCdlwVYX6iP4Q,5kb1M1svQmCdlwVYX6iP4Q/1109672756221448,11290,342,195
campus_train0,5kb1M1svQmCdlwVYX6iP4Q,5kb1M1svQmCdlwVYX6iP4Q/1109672756221448,11300,384,227
campus_train0,5kb1M1svQmCdlwVYX6iP4Q,5kb1M1svQmCdlwVYX6iP4Q/1109672756221448,11310,502,292
campus_train0,5kb1M1svQmCdlwVYX6iP4Q,5kb1M1svQmCdlwVYX6iP4Q/1109672756221448,11320,662,473
campus_train0,5kb1M1svQmCdlwVYX6iP4Q,5kb1M1svQmCdlwVYX6iP4Q/1109672756221448,11330,613,320
campus_train0,5kb1M1svQmCdlwVYX6iP4Q,5kb1M1svQmCdlwVYX6iP4Q/1109672756221448,11340,1022,656
campus_train0,5kb1M1svQmCdlwVYX6iP4Q,5kb1M1svQmCdlwVYX6iP4Q/1109672756221448,11350,1348,1004
campus_train0,5kb1M1svQmCdlwVYX6iP4Q,5kb1M1svQmCdlwVYX6iP4Q/1109672756221448,11360,1391,723
campus_train0,5kb1M1svQmCdlwVYX6iP4Q,5kb1M1svQmCdlwVYX6iP4Q/1109672756221448,11370,951,482
campus_train0,5kb1M1svQmCdlwVYX6iP4Q,5kb1M1svQmCdlwVYX6iP4Q/1109672756221448,11380,506,290
campus_train0,5kb1M1svQmCdlwVYX6iP4Q,5kb1M1svQmCdlwVYX6iP4Q/1109672756221448,11390,341,225
campus_train0,5kb1M1svQmCdlwVYX6iP4Q,5kb1M1svQmCdlwVYX6iP4Q/1109672756221448,11400,315,212
campus_train0,5kb1M1svQmCdlwVYX6iP4Q,5kb1M1svQmCdlwVYX6iP4Q/1109672756221448,11410,307,218
campus_train0,5kb1M1svQmCdlwVYX6iP4Q,5kb1M1svQmCdlwVYX6iP4Q/1109672756221448,11420,258,169
campus_train0,5kb1M1svQmCdlwVYX6iP4Q,5kb1M1svQmCdlwVYX6iP4Q/1109672756221448,11430,264,184
campus_train0,5kb1M1svQmCdlwVYX6iP4Q,5kb1M1svQmCdlwVYX6iP4Q/1109672756221448,11440,267,192
campus_train0,5kb1M1svQmCdlwVYX6iP4Q,5kb1M1svQmCdlwVYX6iP4Q/1109672756221448,11450,222,148
campus_train0,5kb1M1svQmCdlwVYX6iP4Q,5kb1M1svQmCdlwVYX6iP4Q/1109672756221448,11460,199,140
campus_train0,5kb1M1svQmCdlwVYX6iP4Q,5kb1M1svQmCdlwVYX6iP4Q/1109672756221448,11470,178,120
campus_train0,5kb1M1svQmCdlwVYX6iP4Q,5kb1M1svQmCdlwVYX6iP4Q/1174594599653820,11200,431,257
campus_train0,5kb1M1svQmCdlwVYX6iP4Q,5kb1M1svQmCdlwVYX6iP4Q/1174594599653820,11210,471,354
campus_train0,5kb1M1svQmCdlwVYX6iP4Q,5kb1M1svQmCdlwVYX6iP4Q/1174594599653820,11220,522,375
campus_train0,5kb1M1svQmCdlwVYX6iP4Q,5kb1M1svQmCdlwVYX6iP4Q/1174594599653820,11230,478,333
campus_train0,5kb1M1svQmCdlwVYX6iP4Q,5kb1M1svQmCdlwVYX6iP4Q/1174594599653820,11240,541,387
campus_train0,5kb1M1svQmCdlwVYX6iP4Q,5kb1M1svQmCdlwVYX6iP4Q/1174594599653820,11250,570,451
campus_train0,5kb1M1svQmCdlwVYX6iP4Q,5kb1M1svQmCdlwVYX6iP4Q/1174594599653820,11260,647,433
campus_train0,5kb1M1svQmCdlwVYX6iP4Q,5kb1M1svQmCdlwVYX6iP4Q/1174594599653820,11270,596,448
campus_train0,5kb1M1svQmCdlwVYX6iP4Q,5kb1M1svQmCdlwVYX6iP4Q/1174594599653820,11280,698,529
campus_train0,5kb1M1svQmCdlwVYX6iP4Q,5kb1M1svQmCdlwVYX6iP4Q/1174594599653820,11290,802,584
campus_train0,5kb1M1svQmCdlwVYX6iP4Q,5kb1M1svQmCdlwVYX6iP4Q/1174594599653820,11300,947,691
campus_train0,5kb1M1svQmCdlwVYX6iP4Q,5kb1M1svQmCdlwVYX6iP4Q/1174594599653820,11310,1020,549
campus_train0,5kb1M1svQmCdlwVYX6iP4Q,5kb1M1svQmCdlwVYX6iP4Q/1174594599653820,11320,1014,582
campus_train0,5kb1M1svQmCdlwVYX6iP4Q,5kb1M1svQmCdlwVYX6iP4Q/1174594599653820,11330,545,355
campus_train0,5kb1M1svQmCdlwVYX6iP4Q,5kb1M1svQmCdlwVYX6iP4Q/1174594599653820,11340,675,483
campus_train0,5kb1M1svQmCdlwVYX6iP4Q,5kb1M1svQmCdlwVYX6iP4Q/1174594599653820,11350,555,413
campus_train0,5kb1M1svQmCdlwVYX6iP4Q,5kb1M1svQmCdlwVYX6iP4Q/1174594599653820,11360,401,255
campus_train0,5kb1M1svQmCdlwVYX6iP4Q,5kb1M1svQmCdlwVYX6iP4Q/1174594599653820,11370,330,206
campus_train0,5kb1M1svQmCdlwVYX6iP4Q,5kb1M1svQmCdlwVYX6iP4Q/1174594599653820,11380,289,193
campus_train0,5kb1M1svQmCdlwVYX6iP4Q,5kb1M1svQmCdlwVYX6iP4Q/1174594599653820,11390,232,162
campus_train0,5kb1M1svQmCdlwVYX6iP4Q,5kb1M1svQmCdlwVYX6iP4Q/1174594599653820,11400,211,159
campus_train0,5kb1M1svQmCdlwVYX6iP4Q,5kb1M1svQmCdlwVYX6iP4Q/1174594599653820,11410,199,148
campus_train0,5kb1M1svQmCdlwVYX6iP4Q,5kb1M1svQmCdlwVYX6iP4Q/1174594599653820,11420,179,123
campus_train0,5kb1M1svQmCdlwVYX6iP4Q,5kb1M1svQmCdlwVYX6iP4Q/1174594599653820,11430,188,134
campus_train0,5kb1M1svQmCdlwVYX6iP4Q,5kb1M1svQmCdlwVYX6iP4Q/1174594599653820,11440,183,114
campus_train0,5kb1M1svQmCdlwVYX6iP4Q,5kb1M1svQmCdlwVYX6iP4Q/1174594599653820,11450,149,105
campus_train0,5kb1M1svQmCdlwVYX6iP4Q,5kb1M1svQmCdlwVYX6iP4Q/1174594599653820,11460,136,85
campus_train0,5kb1M1svQmCdlwVYX6iP4Q,5kb1M1svQmCdlwVYX6iP4Q/1174594599653820,11470,129,53
campus_train0,5kb1M1svQmCdlwVYX6iP4Q,5kb1M1svQmCdlwVYX6iP4Q/1377418535966792,11200,167,105
campus_train0,5kb1M1svQmCdlwVYX6iP4Q,5kb1M1svQmCdlwVYX6iP4Q/1377418535966792,11210,162,95
campus_train0,5kb1M1svQmCdlwVYX6iP4Q,5kb1M1svQmCdlwVYX6iP4Q/1377418535966792,11220,178,107
campus_train0,5kb1M1svQmCdlwVYX6iP4Q,5kb1M1svQmCdlwVYX6iP4Q/1377418535966792,11230,178,101
campus_train0,5kb1M1svQmCdlwVYX6iP4Q,5kb1M1svQmCdlwVYX6iP4Q/1377418535966792,11240,164,116
campus_train0,5kb1M1svQmCdlwVYX6iP4Q,5kb1M1svQmCdlwVYX6iP4Q/1377418535966792,11250,221,120
campus_train0,5kb1M1svQmCdlwVYX6iP4Q,5kb1M1svQmCdlwVYX6iP4Q/1377418535966792,11260,213,148
campus_train0,5kb1M1svQmCdlwVYX6iP4Q,5kb1M1svQmCdlwVYX6iP4Q/1377418535966792,11270,206,125
campus_train0,5kb1M1svQmCdlwVYX6iP4Q,5kb1M1svQmCdlwVYX6iP4Q/1377418535966792,11280,266,127
campus_train0,5kb1M1svQmCdlwVYX6iP4Q,5kb1M1svQmCdlwVYX6iP4Q/1377418535966792,11290,245,146
campus_train0,5kb1M1svQmCdlwVYX6iP4Q,5kb1M1svQmCdlwVYX6iP4Q/1377418535966792,11300,264,167
campus_train0,5kb1M1svQmCdlwVYX6iP4Q,5kb1M1svQmCdlwVYX6iP4Q/1377418535966792,11310,297,182
campus_train0,5kb1M1svQmCdlwVYX6iP4Q,5kb1M1svQmCdlwVYX6iP4Q/1377418535966792,11320,323,196
campus_train0,5kb1M1svQmCdlwVYX6iP4Q,5kb1M1svQmCdlwVYX6iP4Q/1377418535966792,11330,295,164
campus_train0,5kb1M1svQmCdlwVYX6iP4Q,5kb1M1svQmCdlwVYX6iP4Q/1377418535966792,11340,383,212
campus_train0,5kb1M1svQmCdlwVYX6iP4Q,5kb1M1svQmCdlwVYX6iP4Q/1377418535966792,11350,330,182
campus_train0,5kb1M1svQmCdlwVYX6iP4Q,5kb1M1svQmCdlwVYX6iP4Q/1377418535966792,11360,421,241
campus_train0,5kb1M1svQmCdlwVYX6iP4Q,5kb1M1svQmCdlwVYX6iP4Q/1377418535966792,11370,494,313
campus_train0,5kb1M1svQmCdlwVYX6iP4Q,5kb1M1svQmCdlwVYX6iP4Q/1377418535966792,11380,617,426
campus_train0,5kb1M1svQmCdlwVYX6iP4Q,5kb1M1svQmCdlwVYX6iP4Q/1377418535966792,11390,695,431
campus_train0,5kb1M1svQmCdlwVYX6iP4Q,5kb1M1svQmCdlwVYX6iP4Q/1377418535966792,11400,714,430
campus_train0,5kb1M1svQmCdlwVYX6iP4Q,5kb1M1svQmCdlwVYX6iP4Q/1377418535966792,11410,767,466
campus_train0,5kb1M1svQmCdlwVYX6iP4Q,5kb1M1svQmCdlwVYX6iP4Q/1377418535966792,11420,764,493
campus_train0,5kb1M1svQmCdlwVYX6iP4Q,5kb1M1svQmCdlwVYX6iP4Q/1377418535966792,11430,599,414
campus_train0,5kb1M1svQmCdlwVYX6iP4Q,5kb1M1svQmCdlwVYX6iP4Q/1377418535966792,11440,547,403
campus_train0,5kb1M1svQmCdlwVYX6iP4Q,5kb1M1svQmCdlwVYX6iP4Q/1377418535966792,11450,475,362
campus_train0,5kb1M1svQmCdlwVYX6iP4Q,5kb1M1svQmCdlwVYX6iP4Q/1377418535966792,11460,387,321
campus_train0,5kb1M1svQmCdlwVYX6iP4Q,5kb1M1svQmCdlwVYX6iP4Q/1377418535966792,11470,334,274
campus_train0,5kb1M1svQmCdlwVYX6iP4Q,5kb1M1svQmCdlwVYX6iP4Q/157569956210813,11200,1004,869
campus_train0,5kb1M1svQmCdlwVYX6iP4Q,5kb1M1svQmCdlwVYX6iP4Q/157569956210813,11210,1124,932
campus_train0,5kb1M1svQmCdlwVYX6iP4Q,5kb1M1svQmCdlwVYX6iP4Q/157569956210813,11220,1302,1110
campus_train0,5kb1M1svQmCdlwVYX6iP4Q,5kb1M1svQmCdlwVYX6iP4Q/157569956210813,11230,1583,1327
campus_train0,5kb1M1svQmCdlwVYX6iP4Q,5kb1M1svQmCdlwVYX6iP4Q/157569956210813,11240,1881,1727
campus_train0,5kb1M1svQmCdlwVYX6iP4Q,5kb1M1svQmCdlwVYX6iP4Q/157569956210813,11250,1351,1143
campus_train0,5kb1M1svQmCdlwVYX6iP4Q,5kb1M1svQmCdlwVYX6iP4Q/157569956210813,11260,1128,1005
campus_train0,5kb1M1svQmCdlwVYX6iP4Q,5kb1M1svQmCdlwVYX6iP4Q/157569956210813,11270,823,686
campus_train0,5kb1M1svQmCdlwVYX6iP4Q,5kb1M1svQmCdlwVYX6iP4Q/157569956210813,11280,772,593
campus_train0,5kb1M1svQmCdlwVYX6iP4Q,5kb1M1svQmCdlwVYX6iP4Q/157569956210813,11290,631,497
campus_train0,5kb1M1svQmCdlwVYX6iP4Q,5kb1M1svQmCdlwVYX6iP4Q/157569956210813,11300,534,400
campus_train0,5kb1M1svQmCdlwVYX6iP4Q,5kb1M1svQmCdlwVYX6iP4Q/157569956210813,11310,393,282
campus_train0,5kb1M1svQmCdlwVYX6iP4Q,5kb1M1svQmCdlwVYX6iP4Q/157569956210813,11320,251,173
campus_train0,5kb1M1svQmCdlwVYX6iP4Q,5kb1M1svQmCdlwVYX6iP4Q/157569956210813,11330,281,182
campus_train0,5kb1M1svQmCdlwVYX6iP4Q,5kb1M1svQmCdlwVYX6iP4Q/157569956210813,11340,264,168
campus_train0,5kb1M1svQmCdlwVYX6iP4Q,5kb1M1svQmCdlwVYX6iP4Q/157569956210813,11350,218,135
campus_train0,5kb1M1svQmCdlwVYX6iP4Q,5kb1M1svQmCdlwVYX6iP4Q/157569956210813,11360,220,135
campus_train0,5kb1M1svQmCdlwVYX6iP4Q,5kb1M1svQmCdlwVYX6iP4Q/157569956210813,11370,171,108
campus_train0,5kb1M1svQmCdlwVYX6iP4Q,5kb1M1svQmCdlwVYX6iP4Q/157569956210813,11380,176,98
campus_train0,5kb1M1svQmCdlwVYX6iP4Q,5kb1M1svQmCdlwVYX6iP4Q/157569956210813,11390,189,64
campus_train0,5kb1M1svQmCdlwVYX6iP4Q,5kb1M1svQmCdlwVYX6iP4Q/157569956210813,11400,167,56
campus_train0,5kb1M1svQmCdlwVYX6iP4Q,5kb1M1svQmCdlwVYX6iP4Q/157569956210813,11410,156,70
campus_train0,5kb1M1svQmCdlwVYX6iP4Q,5kb1M1svQmCdlwVYX6iP4Q/157569956210813,11420,135,55
campus_train0,5kb1M1svQmCdlwVYX6iP4Q,5kb1M1svQmCdlwVYX6iP4Q/157569956210813,11430,131,46
campus_train0,5kb1M1svQmCdlwVYX6iP4Q,5kb1M1svQmCdlwVYX6iP4Q/157569956210813,11440,112,37
campus_train0,5kb1M1svQmCdlwVYX6iP4Q,5kb1M1svQmCdlwVYX6iP4Q/157569956210813,11450,137,33
campus_train0,5kb1M1svQmCdlwVYX6iP4Q,5kb1M1svQmCdlwVYX6iP4Q/157569956210813,11460,154,37
campus_train0,5kb1M1svQmCdlwVYX6iP4Q,5kb1M1svQmCdlwVYX6iP4Q/157569956210813,11470,90,30
campus_train0,5kb1M1svQmCdlwVYX6iP4Q,5kb1M1svQmCdlwVYX6iP4Q/171491288216656,11200,78,33
campus_train0,5kb1M1svQmCdlwVYX6iP4Q,5kb1M1svQmCdlwVYX6iP4Q/171491288216656,11210,67,33
campus_train0,5kb1M1svQmCdlwVYX6iP4Q,5kb1M1svQmCdlwVYX6iP4Q/171491288216656,11220,70,25
campus_train0,5kb1M1svQmCdlwVYX6iP4Q,5kb1M1svQmCdlwVYX6iP4Q/171491288216656,11230,80,34
campus_train0,5kb1M1svQmCdlwVYX6iP4Q,5kb1M1svQmCdlwVYX6iP4Q/171491288216656,11240,84,36
campus_train0,5kb1M1svQmCdlwVYX6iP4Q,5kb1M1svQmCdlwVYX6iP4Q/171491288216656,11250,87,38
campus_train0,5kb1M1svQmCdlwVYX6iP4Q,5kb1M1svQmCdlwVYX6iP4Q/171491288216656,11260,96,42
campus_train0,5kb1M1svQmCdlwVYX6iP4Q,5kb1M1svQmCdlwVYX6iP4Q/171491288216656,11270,94,37
campus_train0,5kb1M1svQmCdlwVYX6iP4Q,5kb1M1svQmCdlwVYX6iP4Q/171491288216656,11280,94,51
campus_train0,5kb1M1svQmCdlwVYX6iP4Q,5kb1M1svQmCdlwVYX6iP4Q/171491288216656,11290,97,45
campus_train0,5kb1M1svQmCdlwVYX6iP4Q,5kb1M1svQmCdlwVYX6iP4Q/171491288216656,11300,128,73
campus_train0,5kb1M1svQmCdlwVYX6iP4Q,5kb1M1svQmCdlwVYX6iP4Q/171491288216656,11310,119,63
campus_train0,5kb1M1svQmCdlwVYX6iP4Q,5kb1M1svQmCdlwVYX6iP4Q/171491288216656,11320,127,74
campus_train0,5kb1M1svQmCdlwVYX6iP4Q,5kb1M1svQmCdlwVYX6iP4Q/171491288216656,11330,134,82
campus_train0,5kb1M1svQmCdlwVYX6iP4Q,5kb1M1svQmCdlwVYX6iP4Q/171491288216656,11340,161,99
campus_train0,5kb1M1svQmCdlwVYX6iP4Q,5kb1M1svQmCdlwVYX6iP4Q/171491288216656,11350,149,85
campus_train0,5kb1M1svQmCdlwVYX6iP4Q,5kb1M1svQmCdlwVYX6iP4Q/171491288216656,11360,161,88
campus_train0,5kb1M1svQmCdlwVYX6iP4Q,5kb1M1svQmCdlwVYX6iP4Q/171491288216656,11370,168,101
campus_train0,5kb1M1svQmCdlwVYX6iP4Q,5kb1M1svQmCdlwVYX6iP4Q/171491288216656,11380,170,94
campus_train0,5kb1M1svQmCdlwVYX6iP4Q,5kb1M1svQmCdlwVYX6iP4Q/171491288216656,11390,200,123
campus_train0,5kb1M1svQmCdlwVYX6iP4Q,5kb1M1svQmCdlwVYX6iP4Q/171491288216656,11400,226,154
campus_train0,5kb1M1svQmCdlwVYX6iP4Q,5kb1M1svQmCdlwVYX6iP4Q/171491288216656,11410,265,179
campus_train0,5kb1M1svQmCdlwVYX6iP4Q,5kb1M1svQmCdlwVYX6iP4Q/171491288216656,11420,284,192
campus_train0,5kb1M1svQmCdlwVYX6iP4Q,5kb1M1svQmCdlwVYX6iP4Q/171491288216656,11430,334,252
campus_train0,5kb1M1svQmCdlwVYX6iP4Q,5kb1M1svQmCdlwVYX6iP4Q/171491288216656,11440,358,257
campus_train0,5kb1M1svQmCdlwVYX6iP4Q,5kb1M1svQmCdlwVYX6iP4Q/171491288216656,11450,409,282
campus_train0,5kb1M1svQmCdlwVYX6iP4Q,5kb1M1svQmCdlwVYX6iP4Q/171491288216656,11460,421,315
campus_train0,5kb1M1svQmCdlwVYX6iP4Q,5kb1M1svQmCdlwVYX6iP4Q/171491288216656,11470,456,349
campus_train0,5kb1M1svQmCdlwVYX6iP4Q,5kb1M1svQmCdlwVYX6iP4Q/209013120753961,11200,72,25
campus_train0,5kb1M1svQmCdlwVYX6iP4Q,5kb1M1svQmCdlwVYX6iP4Q/209013120753961,11210,70,32
campus_train0,5kb1M1svQmCdlwVYX6iP4Q,5kb1M1svQmCdlwVYX6iP4Q/209013120753961,11220,64,29
campus_train0,5kb1M1svQmCdlwVYX6iP4Q,5kb1M1svQmCdlwVYX6iP4Q/209013120753961,11230,64,31
campus_train0,5kb1M1svQmCdlwVYX6iP4Q,5kb1M1svQmCdlwVYX6iP4Q/209013120753961,11240,71,36
campus_train0,5kb1M1svQmCdlwVYX6iP4Q,5kb1M1svQmCdlwVYX6iP4Q/209013120753961,11250,73,41
campus_train0,5kb1M1svQmCdlwVYX6iP4Q,5kb1M1svQmCdlwVYX6iP4Q/209013120753961,11260,90,42
campus_train0,5kb1M1svQmCdlwVYX6iP4Q,5kb1M1svQmCdlwVYX6iP4Q/209013120753961,11270,92,32
campus_train0,5kb1M1svQmCdlwVYX6iP4Q,5kb1M1svQmCdlwVYX6iP4Q/209013120753961,11280,80,37
campus_train0,5kb1M1svQmCdlwVYX6iP4Q,5kb1M1svQmCdlwVYX6iP4Q/209013120753961,11290,91,39
campus_train0,5kb1M1svQmCdlwVYX6iP4Q,5kb1M1svQmCdlwVYX6iP4Q/209013120753961,11300,127,64
campus_train0,5kb1M1svQmCdlwVYX6iP4Q,5kb1M1svQmCdlwVYX6iP4Q/209013120753961,11310,102,43
campus_train0,5kb1M1svQmCdlwVYX6iP4Q,5kb1M1svQmCdlwVYX6iP4Q/209013120753961,11320,91,49
campus_train0,5kb1M1svQmCdlwVYX6iP4Q,5kb1M1svQmCdlwVYX6iP4Q/209013120753961,11330,98,48
campus_train0,5kb1M1svQmCdlwVYX6iP4Q,5kb1M1svQmCdlwVYX6iP4Q/209013120753961,11340,118,62
campus_train0,5kb1M1svQmCdlwVYX6iP4Q,5kb1M1svQmCdlwVYX6iP4Q/209013120753961,11350,129,74
campus_train0,5kb1M1svQmCdlwVYX6iP4Q,5kb1M1svQmCdlwVYX6iP4Q/209013120753961,11360,134,67
campus_train0,5kb1M1svQmCdlwVYX6iP4Q,5kb1M1svQmCdlwVYX6iP4Q/209013120753961,11370,126,65
campus_train0,5kb1M1svQmCdlwVYX6iP4Q,5kb1M1svQmCdlwVYX6iP4Q/209013120753961,11380,144,65
campus_train0,5kb1M1svQmCdlwVYX6iP4Q,5kb1M1svQmCdlwVYX6iP4Q/209013120753961,11390,135,75
campus_train0,5kb1M1svQmCdlwVYX6iP4Q,5kb1M1svQmCdlwVYX6iP4Q/209013120753961,11400,167,82
campus_train0,5kb1M1svQmCdlwVYX6iP4Q,5kb1M1svQmCdlwVYX6iP4Q/209013120753961,11410,218,119
campus_train0,5kb1M1svQmCdlwVYX6iP4Q,5kb1M1svQmCdlwVYX6iP4Q/209013120753961,11420,246,152
campus_train0,5kb1M1svQmCdlwVYX6iP4Q,5kb1M1svQmCdlwVYX6iP4Q/209013120753961,11430,227,146
campus_train0,5kb1M1svQmCdlwVYX6iP4Q,5kb1M1svQmCdlwVYX6iP4Q/209013120753961,11440,268,172
campus_train0,5kb1M1svQmCdlwVYX6iP4Q,5kb1M1svQmCdlwVYX6iP4Q/209013120753961,11450,297,173
campus_train0,5kb1M1svQmCdlwVYX6iP4Q,5kb1M1svQmCdlwVYX6iP4Q/209013120753961,11460,313,211
campus_train0,5kb1M1svQmCdlwVYX6iP4Q,5kb1M1svQmCdlwVYX6iP4Q/209013120753961,11470,316,248
campus_train0,5kb1M1svQmCdlwVYX6iP4Q,5kb1M1svQmCdlwVYX6iP4Q/284090313198316,11200,100,50
campus_train0,5kb1M1svQmCdlwVYX6iP4Q,5kb1M1svQmCdlwVYX6iP4Q/284090313198316,11210,98,52
campus_train0,5kb1M1svQmCdlwVYX6iP4Q,5kb1M1svQmCdlwVYX6iP4Q/284090313198316,11220,103,52
campus_train0,5kb1M1svQmCdlwVYX6iP4Q,5kb1M1svQmCdlwVYX6iP4Q/284090313198316,11230,95,49
campus_train0,5kb1M1svQmCdlwVYX6iP4Q,5kb1M1svQmCdlwVYX6iP4Q/284090313198316,11240,111,56
campus_train0,5kb1M1svQmCdlwVYX6iP4Q,5kb1M1svQmCdlwVYX6iP4Q/284090313198316,11250,117,75
campus_train0,5kb1M1svQmCdlwVYX6iP4Q,5kb1M1svQmCdlwVYX6iP4Q/284090313198316,11260,105,63
campus_train0,5kb1M1svQmCdlwVYX6iP4Q,5kb1M1svQmCdlwVYX6iP4Q/284090313198316,11270,106,47
campus_train0,5kb1M1svQmCdlwVYX6iP4Q,5kb1M1svQmCdlwVYX6iP4Q/284090313198316,11280,120,63
campus_train0,5kb1M1svQmCdlwVYX6iP4Q,5kb1M1svQmCdlwVYX6iP4Q/284090313198316,11290,126,61
campus_train0,5kb1M1svQmCdlwVYX6iP4Q,5kb1M1svQmCdlwVYX6iP4Q/284090313198316,11300,157,102
campus_train0,5kb1M1svQmCdlwVYX6iP4Q,5kb1M1svQmCdlwVYX6iP4Q/284090313198316,11310,153,99
campus_train0,5kb1M1svQmCdlwVYX6iP4Q,5kb1M1svQmCdlwVYX6iP4Q/284090313198316,11320,147,95
campus_train0,5kb1M1svQmCdlwVYX6iP4Q,5kb1M1svQmCdlwVYX6iP4Q/284090313198316,11330,158,96
campus_train0,5kb1M1svQmCdlwVYX6iP4Q,5kb1M1svQmCdlwVYX6iP4Q/284090313198316,11340,163,113
campus_train0,5kb1M1svQmCdlwVYX6iP4Q,5kb1M1svQmCdlwVYX6iP4Q/284090313198316,11350,190,115
campus_train0,5kb1M1svQmCdlwVYX6iP4Q,5kb1M1svQmCdlwVYX6iP4Q/284090313198316,11360,199,124
campus_train0,5kb1M1svQmCdlwVYX6iP4Q,5kb1M1svQmCdlwVYX6iP4Q/284090313198316,11370,201,131
campus_train0,5kb1M1svQmCdlwVYX6iP4Q,5kb1M1svQmCdlwVYX6iP4Q/284090313198316,11380,248,164
campus_train0,5kb1M1svQmCdlwVYX6iP4Q,5kb1M1svQmCdlwVYX6iP4Q/284090313198316,11390,295,190
campus_train0,5kb1M1svQmCdlwVYX6iP4Q,5kb1M1svQmCdlwVYX6iP4Q/284090313198316,11400,314,208
campus_train0,5kb1M1svQmCdlwVYX6iP4Q,5kb1M1svQmCdlwVYX6iP4Q/284090313198316,11410,352,230
campus_train0,5kb1M1svQmCdlwVYX6iP4Q,5kb1M1svQmCdlwVYX6iP4Q/284090313198316,11420,417,307
campus_train0,5kb1M1svQmCdlwVYX6iP4Q,5kb1M1svQmCdlwVYX6iP4Q/284090313198316,11430,457,333
campus_train0,5kb1M1svQmCdlwVYX6iP4Q,5kb1M1svQmCdlwVYX6iP4Q/284090313198316,11440,485,362
campus_train0,5kb1M1svQmCdlwVYX6iP4Q,5kb1M1svQmCdlwVYX6iP4Q/284090313198316,11450,622,497
campus_train0,5kb1M1svQmCdlwVYX6iP4Q,5kb1M1svQmCdlwVYX6iP4Q/284090313198316,11460,704,536
campus_train0,5kb1M1svQmCdlwVYX6iP4Q,5kb1M1svQmCdlwVYX6iP4Q/284090313198316,11470,668,459
campus_train0,5kb1M1svQmCdlwVYX6iP4Q,5kb1M1svQmCdlwVYX6iP4Q/3001109120169205,11200,0,0
campus_train0,5kb1M1svQmCdlwVYX6iP4Q,5kb1M1svQmCdlwVYX6iP4Q/3001109120169205,11210,13,7
campus_train0,5kb1M1svQmCdlwVYX6iP4Q,5kb1M1svQmCdlwVYX6iP4Q/3001109120169205,11220,8,7
campus_train0,5kb1M1svQmCdlwVYX6iP4Q,5kb1M1svQmCdlwVYX6iP4Q/3001109120169205,11230,0,0
campus_train0,5kb1M1svQmCdlwVYX6iP4Q,5kb1M1svQmCdlwVYX6iP4Q/3001109120169205,11240,0,0
campus_train0,5kb1M1svQmCdlwVYX6iP4Q,5kb1M1svQmCdlwVYX6iP4Q/3001109120169205,11250,17,10
campus_train0,5kb1M1svQmCdlwVYX6iP4Q,5kb1M1svQmCdlwVYX6iP4Q/3001109120169205,11260,13,7
campus_train0,5kb1M1svQmCdlwVYX6iP4Q,5kb1M1svQmCdlwVYX6iP4Q/3001109120169205,11270,0,0
campus_train0,5kb1M1svQmCdlwVYX6iP4Q,5kb1M1svQmCdlwVYX6iP4Q/3001109120169205,11280,63,17
campus_train0,5kb1M1svQmCdlwVYX6iP4Q,5kb1M1svQmCdlwVYX6iP4Q/3001109120169205,11290,23,9
campus_train0,5kb1M1svQmCdlwVYX6iP4Q,5kb1M1svQmCdlwVYX6iP4Q/3001109120169205,11300,31,13
campus_train0,5kb1M1svQmCdlwVYX6iP4Q,5kb1M1svQmCdlwVYX6iP4Q/3001109120169205,11310,29,15
campus_train0,5kb1M1svQmCdlwVYX6iP4Q,5kb1M1svQmCdlwVYX6iP4Q/3001109120169205,11320,61,21
campus_train0,5kb1M1svQmCdlwVYX6iP4Q,5kb1M1svQmCdlwVYX6iP4Q/3001109120169205,11330,48,16
campus_train0,5kb1M1svQmCdlwVYX6iP4Q,5kb1M1svQmCdlwVYX6iP4Q/3001109120169205,11340,101,29
campus_train0,5kb1M1svQmCdlwVYX6iP4Q,5kb1M1svQmCdlwVYX6iP4Q/3001109120169205,11350,71,17
campus_train0,5kb1M1svQmCdlwVYX6iP4Q,5kb1M1svQmCdlwVYX6iP4Q/3001109120169205,11360,58,15
campus_train0,5kb1M1svQmCdlwVYX6iP4Q,5kb1M1svQmCdlwVYX6iP4Q/3001109120169205,11370,52,17
campus_train0,5kb1M1svQmCdlwVYX6iP4Q,5kb1M1svQmCdlwVYX6iP4Q/3001109120169205,11380,135,34
campus_train0,5kb1M1svQmCdlwVYX6iP4Q,5kb1M1svQmCdlwVYX6iP4Q/3001109120169205,11390,113,28
campus_train0,5kb1M1svQmCdlwVYX6iP4Q,5kb1M1svQmCdlwVYX6iP4Q/3001109120169205,11400,128,28
campus_train0,5kb1M1svQmCdlwVYX6iP4Q,5kb1M1svQmCdlwVYX6iP4Q/3001109120169205,11410,58,19
campus_train0,5kb1M1svQmCdlwVYX6iP4Q,5kb1M1svQmCdlwVYX6iP4Q/3001109120169205,11420,25,13
campus_train0,5kb1M1svQmCdlwVYX6iP4Q,5kb1M1svQmCdlwVYX6iP4Q/3001109120169205,11430,59,17
campus_train0,5kb1M1svQmCdlwVYX6iP4Q,5kb1M1svQmCdlwVYX6iP4Q/3001109120169205,11440,89,22
campus_train0,5kb1M1svQmCdlwVYX6iP4Q,5kb1M1svQmCdlwVYX6iP4Q/3001109120169205,11450,59,19
campus_train0,5kb1M1svQmCdlwVYX6iP4Q,5kb1M1svQmCdlwVYX6iP4Q/3001109120169205,11460,93,26
campus_train0,5kb1M1svQmCdlwVYX6iP4Q,5kb1M1svQmCdlwVYX6iP4Q/3001109120169205,11470,27,13
campus_train0,5kb1M1svQmCdlwVYX6iP4Q,5kb1M1svQmCdlwVYX6iP4Q/300200548233014,11200,231,97
campus_train0,5kb1M1svQmCdlwVYX6iP4Q,5kb1M1svQmCdlwVYX6iP4Q/300200548233014,11210,277,131
campus_train0,5kb1M1svQmCdlwVYX6iP4Q,5kb1M1svQmCdlwVYX6iP4Q/300200548233014,11220,281,124
campus_train0,5kb1M1svQmCdlwVYX6iP4Q,5kb1M1svQmCdlwVYX6iP4Q/300200548233014,11230,274,126
campus_train0,5kb1M1svQmCdlwVYX6iP4Q,5kb1M1svQmCdlwVYX6iP4Q/300200548233014,11240,336,176
campus_train0,5kb1M1svQmCdlwVYX6iP4Q,5kb1M1svQmCdlwVYX6iP4Q/300200548233014,11250,393,219
campus_train0,5kb1M1svQmCdlwVYX6iP4Q,5kb1M1svQmCdlwVYX6iP4Q/300200548233014,11260,376,210
campus_train0,5kb1M1svQmCdlwVYX6iP4Q,5kb1M1svQmCdlwVYX6iP4Q/300200548233014,11270,472,271
campus_train0,5kb1M1svQmCdlwVYX6iP4Q,5kb1M1svQmCdlwVYX6iP4Q/300200548233014,11280,451,242
campus_train0,5kb1M1svQmCdlwVYX6iP4Q,5kb1M1svQmCdlwVYX6iP4Q/300200548233014,11290,428,193
campus_train0,5kb1M1svQmCdlwVYX6iP4Q,5kb1M1svQmCdlwVYX6iP4Q/300200548233014,11300,606,341
campus_train0,5kb1M1svQmCdlwVYX6iP4Q,5kb1M1svQmCdlwVYX6iP4Q/300200548233014,11310,694,449
campus_train0,5kb1M1svQmCdlwVYX6iP4Q,5kb1M1svQmCdlwVYX6iP4Q/300200548233014,11320,806,480
campus_train0,5kb1M1svQmCdlwVYX6iP4Q,5kb1M1svQmCdlwVYX6iP4Q/300200548233014,11330,827,338
campus_train0,5kb1M1svQmCdlwVYX6iP4Q,5kb1M1svQmCdlwVYX6iP4Q/300200548233014,11340,978,401
campus_train0,5kb1M1svQmCdlwVYX6iP4Q,5kb1M1svQmCdlwVYX6iP4Q/300200548233014,11350,1012,626
campus_train0,5kb1M1svQmCdlwVYX6iP4Q,5kb1M1svQmCdlwVYX6iP4Q/300200548233014,11360,911,637
campus_train0,5kb1M1svQmCdlwVYX6iP4Q,5kb1M1svQmCdlwVYX6iP4Q/300200548233014,11370,658,444
campus_train0,5kb1M1svQmCdlwVYX6iP4Q,5kb1M1svQmCdlwVYX6iP4Q/300200548233014,11380,392,199
campus_train0,5kb1M1svQmCdlwVYX6iP4Q,5kb1M1svQmCdlwVYX6iP4Q/300200548233014,11390,338,221
campus_train0,5kb1M1svQmCdlwVYX6iP4Q,5kb1M1svQmCdlwVYX6iP4Q/300200548233014,11400,295,181
campus_train0,5kb1M1svQmCdlwVYX6iP4Q,5kb1M1svQmCdlwVYX6iP4Q/300200548233014,11410,301,186
campus_train0,5kb1M1svQmCdlwVYX6iP4Q,5kb1M1svQmCdlwVYX6iP4Q/300200548233014,11420,257,161
campus_train0,5kb1M1svQmCdlwVYX6iP4Q,5kb1M1svQmCdlwVYX6iP4Q/300200548233014,11430,243,145
campus_train0,5kb1M1svQmCdlwVYX6iP4Q,5kb1M1svQmCdlwVYX6iP4Q/300200548233014,11440,264,152
campus_train0,5kb1M1svQmCdlwVYX6iP4Q,5kb1M1svQmCdlwVYX6iP4Q/300200548233014,11450,209,143
campus_train0,5kb1M1svQmCdlwVYX6iP4Q,5kb1M1svQmCdlwVYX6iP4Q/300200548233014,11460,183,108
campus_train0,5kb1M1svQmCdlwVYX6iP4Q,5kb1M1svQmCdlwVYX6iP4Q/300200548233014,11470,162,83
campus_train0,5kb1M1svQmCdlwVYX6iP4Q,5kb1M1svQmCdlwVYX6iP4Q/308804654043934,11200,0,0
campus_train0,5kb1M1svQmCdlwVYX6iP4Q,5kb1M1svQmCdlwVYX6iP4Q/308804654043934,11210,0,0
campus_train0,5kb1M1svQmCdlwVYX6iP4Q,5kb1M1svQmCdlwVYX6iP4Q/308804654043934,11220,0,0
campus_train0,5kb1M1svQmCdlwVYX6iP4Q,5kb1M1svQmCdlwVYX6iP4Q/308804654043934,11230,0,0
campus_train0,5kb1M1svQmCdlwVYX6iP4Q,5kb1M1svQmCdlwVYX6iP4Q/308804654043934,11240,0,0
campus_train0,5kb1M1svQmCdlwVYX6iP4Q,5kb1M1svQmCdlwVYX6iP4Q/308804654043934,11250,0,0
campus_train0,5kb1M1svQmCdlwVYX6iP4Q,5kb1M1svQmCdlwVYX6iP4Q/308804654043934,11260,10,7
campus_train0,5kb1M1svQmCdlwVYX6iP4Q,5kb1M1svQmCdlwVYX6iP4Q/308804654043934,11270,0,0
campus_train0,5kb1M1svQmCdlwVYX6iP4Q,5kb1M1svQmCdlwVYX6iP4Q/308804654043934,11280,0,0
campus_train0,5kb1M1svQmCdlwVYX6iP4Q,5kb1M1svQmCdlwVYX6iP4Q/308804654043934,11290,0,0
campus_train0,5kb1M1svQmCdlwVYX6iP4Q,5kb1M1svQmCdlwVYX6iP4Q/308804654043934,11300,0,0
campus_train0,5kb1M1svQmCdlwVYX6iP4Q,5kb1M1svQmCdlwVYX6iP4Q/308804654043934,11310,12,7
campus_train0,5kb1M1svQmCdlwVYX6iP4Q,5kb1M1svQmCdlwVYX6iP4Q/308804654043934,11320,0,0
campus_train0,5kb1M1svQmCdlwVYX6iP4Q,5kb1M1svQmCdlwVYX6iP4Q/308804654043934,11330,0,0
campus_train0,5kb1M1svQmCdlwVYX6iP4Q,5kb1M1svQmCdlwVYX6iP4Q/308804654043934,11340,88,22
campus_train0,5kb1M1svQmCdlwVYX6iP4Q,5kb1M1svQmCdlwVYX6iP4Q/308804654043934,11350,14,8
campus_train0,5kb1M1svQmCdlwVYX6iP4Q,5kb1M1svQmCdlwVYX6iP4Q/308804654043934,11360,8,7
campus_train0,5kb1M1svQmCdlwVYX6iP4Q,5kb1M1svQmCdlwVYX6iP4Q/308804654043934,11370,12,7
campus_train0,5kb1M1svQmCdlwVYX6iP4Q,5kb1M1svQmCdlwVYX6iP4Q/308804654043934,11380,62,17
campus_train0,5kb1M1svQmCdlwVYX6iP4Q,5kb1M1svQmCdlwVYX6iP4Q/308804654043934,11390,30,14
campus_train0,5kb1M1svQmCdlwVYX6iP4Q,5kb1M1svQmCdlwVYX6iP4Q/308804654043934,11400,50,16
campus_train0,5kb1M1svQmCdlwVYX6iP4Q,5kb1M1svQmCdlwVYX6iP4Q/308804654043934,11410,47,16
campus_train0,5kb1M1svQmCdlwVYX6iP4Q,5kb1M1svQmCdlwVYX6iP4Q/308804654043934,11420,0,0
campus_train0,5kb1M1svQmCdlwVYX6iP4Q,5kb1M1svQmCdlwVYX6iP4Q/308804654043934,11430,36,13
campus_train0,5kb1M1svQmCdlwVYX6iP4Q,5kb1M1svQmCdlwVYX6iP4Q/308804654043934,11440,37,13
campus_train0,5kb1M1svQmCdlwVYX6iP4Q,5kb1M1svQmCdlwVYX6iP4Q/308804654043934,11450,16,11
campus_train0,5kb1M1svQmCdlwVYX6iP4Q,5kb1M1svQmCdlwVYX6iP4Q/308804654043934,11460,22,11
campus_train0,5kb1M1svQmCdlwVYX6iP4Q,5kb1M1svQmCdlwVYX6iP4Q/308804654043934,11470,0,0
campus_train0,5kb1M1svQmCdlwVYX6iP4Q,5kb1M1svQmCdlwVYX6iP4Q/323224029233485,11200,167,94
campus_train0,5kb1M1svQmCdlwVYX6iP4Q,5kb1M1svQmCdlwVYX6iP4Q/323224029233485,11210,168,96
campus_train0,5kb1M1svQmCdlwVYX6iP4Q,5kb1M1svQmCdlwVYX6iP4Q/323224029233485,11220,172,105
campus_train0,5kb1M1svQmCdlwVYX6iP4Q,5kb1M1svQmCdlwVYX6iP4Q/323224029233485,11230,189,113
campus_train0,5kb1M1svQmCdlwVYX6iP4Q,5kb1M1svQmCdlwVYX6iP4Q/323224029233485,11240,190,126
campus_train0,5kb1M1svQmCdlwVYX6iP4Q,5kb1M1svQmCdlwVYX6iP4Q/323224029233485,11250,172,112
campus_train0,5kb1M1svQmCdlwVYX6iP4Q,5kb1M1svQmCdlwVYX6iP4Q/323224029233485,11260,195,131
campus_train0,5kb1M1svQmCdlwVYX6iP4Q,5kb1M1svQmCdlwVYX6iP4Q/323224029233485,11270,207,115
campus_train0,5kb1M1svQmCdlwVYX6iP4Q,5kb1M1svQmCdlwVYX6iP4Q/323224029233485,11280,243,136
campus_train0,5kb1M1svQmCdlwVYX6iP4Q,5kb1M1svQmCdlwVYX6iP4Q/323224029233485,11290,244,162
campus_train0,5kb1M1svQmCdlwVYX6iP4Q,5kb1M1svQmCdlwVYX6iP4Q/323224029233485,11300,254,166
campus_train0,5kb1M1svQmCdlwVYX6iP4Q,5kb1M1svQmCdlwVYX6iP4Q/323224029233485,11310,289,200
campus_train0,5kb1M1svQmCdlwVYX6iP4Q,5kb1M1svQmCdlwVYX6iP4Q/323224029233485,11320,261,157
campus_train0,5kb1M1svQmCdlwVYX6iP4Q,5kb1M1svQmCdlwVYX6iP4Q/323224029233485,11330,299,181
campus_train0,5kb1M1svQmCdlwVYX6iP4Q,5kb1M1svQmCdlwVYX6iP4Q/323224029233485,11340,322,215
campus_train0,5kb1M1svQmCdlwVYX6iP4Q,5kb1M1svQmCdlwVYX6iP4Q/323224029233485,11350,291,173
campus_train0,5kb1M1svQmCdlwVYX6iP4Q,5kb1M1svQmCdlwVYX6iP4Q/323224029233485,11360,362,219
campus_train0,5kb1M1svQmCdlwVYX6iP4Q,5kb1M1svQmCdlwVYX6iP4Q/323224029233485,11370,396,255
campus_train0,5kb1M1svQmCdlwVYX6iP4Q,5kb1M1svQmCdlwVYX6iP4Q/323224029233485,11380,562,411
campus_train0,5kb1M1svQmCdlwVYX6iP4Q,5kb1M1svQmCdlwVYX6iP4Q/323224029233485,11390,609,497
campus_train0,5kb1M1svQmCdlwVYX6iP4Q,5kb1M1svQmCdlwVYX6iP4Q/323224029233485,11400,747,610
campus_train0,5kb1M1svQmCdlwVYX6iP4Q,5kb1M1svQmCdlwVYX6iP4Q/323224029233485,11410,897,731
campus_train0,5kb1M1svQmCdlwVYX6iP4Q,5kb1M1svQmCdlwVYX6iP4Q/323224029233485,11420,1138,789
campus_train0,5kb1M1svQmCdlwVYX6iP4Q,5kb1M1svQmCdlwVYX6iP4Q/323224029233485,11430,1245,887
campus_train0,5kb1M1svQmCdlwVYX6iP4Q,5kb1M1svQmCdlwVYX6iP4Q/323224029233485,11440,1024,799
campus_train0,5kb1M1svQmCdlwVYX6iP4Q,5kb1M1svQmCdlwVYX6iP4Q/323224029233485,11450,857,757
campus_train0,5kb1M1svQmCdlwVYX6iP4Q,5kb1M1svQmCdlwVYX6iP4Q/323224029233485,11460,681,594
campus_train0,5kb1M1svQmCdlwVYX6iP4Q,5kb1M1svQmCdlwVYX6iP4Q/323224029233485,11470,610,513
campus_train0,5kb1M1svQmCdlwVYX6iP4Q,5kb1M1svQmCdlwVYX6iP4Q/452408572533828,11200,97,53
campus_train0,5kb1M1svQmCdlwVYX6iP4Q,5kb1M1svQmCdlwVYX6iP4Q/452408572533828,11210,109,64
campus_train0,5kb1M1svQmCdlwVYX6iP4Q,5kb1M1svQmCdlwVYX6iP4Q/452408572533828,11220,99,58
campus_train0,5kb1M1svQmCdlwVYX6iP4Q,5kb1M1svQmCdlwVYX6iP4Q/452408572533828,11230,126,76
campus_train0,5kb1M1svQmCdlwVYX6iP4Q,5kb1M1svQmCdlwVYX6iP4Q/452408572533828,11240,124,68
campus_train0,5kb1M1svQmCdlwVYX6iP4Q,5kb1M1svQmCdlwVYX6iP4Q/452408572533828,11250,134,71
campus_train0,5kb1M1svQmCdlwVYX6iP4Q,5kb1M1svQmCdlwVYX6iP4Q/452408572533828,11260,128,83
campus_train0,5kb1M1svQmCdlwVYX6iP4Q,5kb1M1svQmCdlwVYX6iP4Q/452408572533828,11270,137,68
campus_train0,5kb1M1svQmCdlwVYX6iP4Q,5kb1M1svQmCdlwVYX6iP4Q/452408572533828,11280,142,77
campus_train0,5kb1M1svQmCdlwVYX6iP4Q,5kb1M1svQmCdlwVYX6iP4Q/452408572533828,11290,124,74
campus_train0,5kb1M1svQmCdlwVYX6iP4Q,5kb1M1svQmCdlwVYX6iP4Q/452408572533828,11300,180,130
campus_train0,5kb1M1svQmCdlwVYX6iP4Q,5kb1M1svQmCdlwVYX6iP4Q/452408572533828,11310,160,110
campus_train0,5kb1M1svQmCdlwVYX6iP4Q,5kb1M1svQmCdlwVYX6iP4Q/452408572533828,11320,160,95
campus_train0,5kb1M1svQmCdlwVYX6iP4Q,5kb1M1svQmCdlwVYX6iP4Q/452408572533828,11330,163,91
campus_train0,5kb1M1svQmCdlwVYX6iP4Q,5kb1M1svQmCdlwVYX6iP4Q/452408572533828,11340,184,115
campus_train0,5kb1M1svQmCdlwVYX6iP4Q,5kb1M1svQmCdlwVYX6iP4Q/452408572533828,11350,187,119
campus_train0,5kb1M1svQmCdlwVYX6iP4Q,5kb1M1svQmCdlwVYX6iP4Q/452408572533828,11360,230,141
campus_train0,5kb1M1svQmCdlwVYX6iP4Q,5kb1M1svQmCdlwVYX6iP4Q/452408572533828,11370,263,185
campus_train0,5kb1M1svQmCdlwVYX6iP4Q,5kb1M1svQmCdlwVYX6iP4Q/452408572533828,11380,296,198
campus_train0,5kb1M1svQmCdlwVYX6iP4Q,5kb1M1svQmCdlwVYX6iP4Q/452408572533828,11390,324,219
campus_train0,5kb1M1svQmCdlwVYX6iP4Q,5kb1M1svQmCdlwVYX6iP4Q/452408572533828,11400,350,235
campus_train0,5kb1M1svQmCdlwVYX6iP4Q,5kb1M1svQmCdlwVYX6iP4Q/452408572533828,11410,382,273
campus_train0,5kb1M1svQmCdlwVYX6iP4Q,5kb1M1svQmCdlwVYX6iP4Q/452408572533828,11420,450,305
campus_train0,5kb1M1svQmCdlwVYX6iP4Q,5kb1M1svQmCdlwVYX6iP4Q/452408572533828,11430,529,382
campus_train0,5kb1M1svQmCdlwVYX6iP4Q,5kb1M1svQmCdlwVYX6iP4Q/452408572533828,11440,567,426
campus_train0,5kb1M1svQmCdlwVYX6iP4Q,5kb1M1svQmCdlwVYX6iP4Q/452408572533828,11450,685,495
campus_train0,5kb1M1svQmCdlwVYX6iP4Q,5kb1M1svQmCdlwVYX6iP4Q/452408572533828,11460,846,680
campus_train0,5kb1M1svQmCdlwVYX6iP4Q,5kb1M1svQmCdlwVYX6iP4Q/452408572533828,11470,916,659
campus_train0,5kb1M1svQmCdlwVYX6iP4Q,5kb1M1svQmCdlwVYX6iP4Q/769642790366382,11200,1077,933
campus_train0,5kb1M1svQmCdlwVYX6iP4Q,5kb1M1svQmCdlwVYX6iP4Q/769642790366382,11210,1189,993
campus_train0,5kb1M1svQmCdlwVYX6iP4Q,5kb1M1svQmCdlwVYX6iP4Q/769642790366382,11220,1384,1146
campus_train0,5kb1M1svQmCdlwVYX6iP4Q,5kb1M1svQmCdlwVYX6iP4Q/769642790366382,11230,1751,1502
campus_train0,5kb1M1svQmCdlwVYX6iP4Q,5kb1M1svQmCdlwVYX6iP4Q/769642790366382,11240,1488,1286
campus_train0,5kb1M1svQmCdlwVYX6iP4Q,5kb1M1svQmCdlwVYX6iP4Q/769642790366382,11250,1189,908
campus_train0,5kb1M1svQmCdlwVYX6iP4Q,5kb1M1svQmCdlwVYX6iP4Q/769642790366382,11260,952,768
campus_train0,5kb1M1svQmCdlwVYX6iP4Q,5kb1M1svQmCdlwVYX6iP4Q/769642790366382,11270,733,567
campus_train0,5kb1M1svQmCdlwVYX6iP4Q,5kb1M1svQmCdlwVYX6iP4Q/769642790366382,11280,615,493
campus_train0,5kb1M1svQmCdlwVYX6iP4Q,5kb1M1svQmCdlwVYX6iP4Q/769642790366382,11290,476,368
campus_train0,5kb1M1svQmCdlwVYX6iP4Q,5kb1M1svQmCdlwVYX6iP4Q/769642790366382,11300,427,358
campus_train0,5kb1M1svQmCdlwVYX6iP4Q,5kb1M1svQmCdlwVYX6iP4Q/769642790366382,11310,250,162
campus_train0,5kb1M1svQmCdlwVYX6iP4Q,5kb1M1svQmCdlwVYX6iP4Q/769642790366382,11320,214,140
campus_train0,5kb1M1svQmCdlwVYX6iP4Q,5kb1M1svQmCdlwVYX6iP4Q/769642790366382,11330,252,144
campus_train0,5kb1M1svQmCdlwVYX6iP4Q,5kb1M1svQmCdlwVYX6iP4Q/769642790366382,11340,257,163
campus_train0,5kb1M1svQmCdlwVYX6iP4Q,5kb1M1svQmCdlwVYX6iP4Q/769642790366382,11350,198,129
campus_train0,5kb1M1svQmCdlwVYX6iP4Q,5kb1M1svQmCdlwVYX6iP4Q/769642790366382,11360,164,109
campus_train0,5kb1M1svQmCdlwVYX6iP4Q,5kb1M1svQmCdlwVYX6iP4Q/769642790366382,11370,160,98
campus_train0,5kb1M1svQmCdlwVYX6iP4Q,5kb1M1svQmCdlwVYX6iP4Q/769642790366382,11380,150,90
campus_train0,5kb1M1svQmCdlwVYX6iP4Q,5kb1M1svQmCdlwVYX6iP4Q/769642790366382,11390,175,91
campus_train0,5kb1M1svQmCdlwVYX6iP4Q,5kb1M1svQmCdlwVYX6iP4Q/769642790366382,11400,254,60
campus_train0,5kb1M1svQmCdlwVYX6iP4Q,5kb1M1svQmCdlwVYX6iP4Q/769642790366382,11410,131,68
campus_train0,5kb1M1svQmCdlwVYX6iP4Q,5kb1M1svQmCdlwVYX6iP4Q/769642790366382,11420,123,68
campus_train0,5kb1M1svQmCdlwVYX6iP4Q,5kb1M1svQmCdlwVYX6iP4Q/769642790366382,11430,122,50
campus_train0,5kb1M1svQmCdlwVYX6iP4Q,5kb1M1svQmCdlwVYX6iP4Q/769642790366382,11440,148,37
campus_train0,5kb1M1svQmCdlwVYX6iP4Q,5kb1M1svQmCdlwVYX6iP4Q/769642790366382,11450,120,30
campus_train0,5kb1M1svQmCdlwVYX6iP4Q,5kb1M1svQmCdlwVYX6iP4Q/769642790366382,11460,102,26
campus_train0,5kb1M1svQmCdlwVYX6iP4Q,5kb1M1svQmCdlwVYX6iP4Q/769642790366382,11470,135,34
campus_train0,5kb1M1svQmCdlwVYX6iP4Q,5kb1M1svQmCdlwVYX6iP4Q/773050813599916,11200,164,92
campus_train0,5kb1M1svQmCdlwVYX6iP4Q,5kb1M1svQmCdlwVYX6iP4Q/773050813599916,11210,214,122
campus_train0,5kb1M1svQmCdlwVYX6iP4Q,5kb1M1svQmCdlwVYX6iP4Q/773050813599916,11220,183,112
campus_train0,5kb1M1svQmCdlwVYX6iP4Q,5kb1M1svQmCdlwVYX6iP4Q/773050813599916,11230,208,121
campus_train0,5kb1M1svQmCdlwVYX6iP4Q,5kb1M1svQmCdlwVYX6iP4Q/773050813599916,11240,244,141
campus_train0,5kb1M1svQmCdlwVYX6iP4Q,5kb1M1svQmCdlwVYX6iP4Q/773050813599916,11250,268,151
campus_train0,5kb1M1svQmCdlwVYX6iP4Q,5kb1M1svQmCdlwVYX6iP4Q/773050813599916,11260,296,197
campus_train0,5kb1M1svQmCdlwVYX6iP4Q,5kb1M1svQmCdlwVYX6iP4Q/773050813599916,11270,253,148
campus_train0,5kb1M1svQmCdlwVYX6iP4Q,5kb1M1svQmCdlwVYX6iP4Q/773050813599916,11280,314,153
campus_train0,5kb1M1svQmCdlwVYX6iP4Q,5kb1M1svQmCdlwVYX6iP4Q/773050813599916,11290,238,144
campus_train0,5kb1M1svQmCdlwVYX6iP4Q,5kb1M1svQmCdlwVYX6iP4Q/773050813599916,11300,219,123
campus_train0,5kb1M1svQmCdlwVYX6iP4Q,5kb1M1svQmCdlwVYX6iP4Q/773050813599916,11310,277,165
campus_train0,5kb1M1svQmCdlwVYX6iP4Q,5kb1M1svQmCdlwVYX6iP4Q/773050813599916,11320,329,184
campus_train0,5kb1M1svQmCdlwVYX6iP4Q,5kb1M1svQmCdlwVYX6iP4Q/773050813599916,11330,412,255
campus_train0,5kb1M1svQmCdlwVYX6iP4Q,5kb1M1svQmCdlwVYX6iP4Q/773050813599916,11340,440,264
campus_train0,5kb1M1svQmCdlwVYX6iP4Q,5kb1M1svQmCdlwVYX6iP4Q/773050813599916,11350,492,293
campus_train0,5kb1M1svQmCdlwVYX6iP4Q,5kb1M1svQmCdlwVYX6iP4Q/773050813599916,11360,614,341
campus_train0,5kb1M1svQmCdlwVYX6iP4Q,5kb1M1svQmCdlwVYX6iP4Q/773050813599916,11370,491,328
campus_train0,5kb1M1svQmCdlwVYX6iP4Q,5kb1M1svQmCdlwVYX6iP4Q/773050813599916,11380,514,376
campus_train0,5kb1M1svQmCdlwVYX6iP4Q,5kb1M1svQmCdlwVYX6iP4Q/773050813599916,11390,457,302
campus_train0,5kb1M1svQmCdlwVYX6iP4Q,5kb1M1svQmCdlwVYX6iP4Q/773050813599916,11400,461,327
campus_train0,5kb1M1svQmCdlwVYX6iP4Q,5kb1M1svQmCdlwVYX6iP4Q/773050813599916,11410,421,310
campus_train0,5kb1M1svQmCdlwVYX6iP4Q,5kb1M1svQmCdlwVYX6iP4Q/773050813599916,11420,406,279
campus_train0,5kb1M1svQmCdlwVYX6iP4Q,5kb1M1svQmCdlwVYX6iP4Q/773050813599916,11430,371,286
campus_train0,5kb1M1svQmCdlwVYX6iP4Q,5kb1M1svQmCdlwVYX6iP4Q/773050813599916,11440,356,268
campus_train0,5kb1M1svQmCdlwVYX6iP4Q,5kb1M1svQmCdlwVYX6iP4Q/773050813599916,11450,315,225
campus_train0,5kb1M1svQmCdlwVYX6iP4Q,5kb1M1svQmCdlwVYX6iP4Q/773050813599916,11460,265,217
campus_train0,5kb1M1svQmCdlwVYX6iP4Q,5kb1M1svQmCdlwVYX6iP4Q/773050813599916,11470,237,159
campus_train0,5kb1M1svQmCdlwVYX6iP4Q,5kb1M1svQmCdlwVYX6iP4Q/781872275795007,11200,545,399
campus_train0,5kb1M1svQmCdlwVYX6iP4Q,5kb1M1svQmCdlwVYX6iP4Q/781872275795007,11210,609,418
campus_train0,5kb1M1svQmCdlwVYX6iP4Q,5kb1M1svQmCdlwVYX6iP4Q/781872275795007,11220,657,465
campus_train0,5kb1M1svQmCdlwVYX6iP4Q,5kb1M1svQmCdlwVYX6iP4Q/781872275795007,11230,696,490
campus_train0,5kb1M1svQmCdlwVYX6iP4Q,5kb1M1svQmCdlwVYX6iP4Q/781872275795007,11240,797,597
campus_train0,5kb1M1svQmCdlwVYX6iP4Q,5kb1M1svQmCdlwVYX6iP4Q/781872275795007,11250,835,526
campus_train0,5kb1M1svQmCdlwVYX6iP4Q,5kb1M1svQmCdlwVYX6iP4Q/781872275795007,11260,1018,687
campus_train0,5kb1M1svQmCdlwVYX6iP4Q,5kb1M1svQmCdlwVYX6iP4Q/781872275795007,11270,1123,842
campus_train0,5kb1M1svQmCdlwVYX6iP4Q,5kb1M1svQmCdlwVYX6iP4Q/781872275795007,11280,1316,645
campus_train0,5kb1M1svQmCdlwVYX6iP4Q,5kb1M1svQmCdlwVYX6iP4Q/781872275795007,11290,1081,647
campus_train0,5kb1M1svQmCdlwVYX6iP4Q,5kb1M1svQmCdlwVYX6iP4Q/781872275795007,11300,859,576
campus_train0,5kb1M1svQmCdlwVYX6iP4Q,5kb1M1svQmCdlwVYX6iP4Q/781872275795007,11310,570,361
campus_train0,5kb1M1svQmCdlwVYX6iP4Q,5kb1M1svQmCdlwVYX6iP4Q/781872275795007,11320,449,331
campus_train0,5kb1M1svQmCdlwVYX6iP4Q,5kb1M1svQmCdlwVYX6iP4Q/781872275795007,11330,389,281
campus_train0,5kb1M1svQmCdlwVYX6iP4Q,5kb1M1svQmCdlwVYX6iP4Q/781872275795007,11340,394,304
campus_train0,5kb1M1svQmCdlwVYX6iP4Q,5kb1M1svQmCdlwVYX6iP4Q/781872275795007,11350,341,232
campus_train0,5kb1M1svQmCdlwVYX6iP4Q,5kb1M1svQmCdlwVYX6iP4Q/781872275795007,11360,262,173
campus_train0,5kb1M1svQmCdlwVYX6iP4Q,5kb1M1svQmCdlwVYX6iP4Q/781872275795007,11370,221,127
campus_train0,5kb1M1svQmCdlwVYX6iP4Q,5kb1M1svQmCdlwVYX6iP4Q/781872275795007,11380,190,115
campus_train0,5kb1M1svQmCdlwVYX6iP4Q,5kb1M1svQmCdlwVYX6iP4Q/781872275795007,11390,178,94
campus_train0,5kb1M1svQmCdlwVYX6iP4Q,5kb1M1svQmCdlwVYX6iP4Q/781872275795007,11400,166,101
campus_train0,5kb1M1svQmCdlwVYX6iP4Q,5kb1M1svQmCdlwVYX6iP4Q/781872275795007,11410,153,98
campus_train0,5kb1M1svQmCdlwVYX6iP4Q,5kb1M1svQmCdlwVYX6iP4Q/781872275795007,11420,153,87
campus_train0,5kb1M1svQmCdlwVYX6iP4Q,5kb1M1svQmCdlwVYX6iP4Q/781872275795007,11430,142,90
campus_train0,5kb1M1svQmCdlwVYX6iP4Q,5kb1M1svQmCdlwVYX6iP4Q/781872275795007,11440,146,68
campus_train0,5kb1M1svQmCdlwVYX6iP4Q,5kb1M1svQmCdlwVYX6iP4Q/781872275795007,11450,119,53
campus_train0,5kb1M1svQmCdlwVYX6iP4Q,5kb1M1svQmCdlwVYX6iP4Q/781872275795007,11460,114,29
campus_train0,5kb1M1svQmCdlwVYX6iP4Q,5kb1M1svQmCdlwVYX6iP4Q/781872275795007,11470,97,57
campus_train0,5kb1M1svQmCdlwVYX6iP4Q,5kb1M1svQmCdlwVYX6iP4Q/856560084943113,11200,120,63
campus_train0,5kb1M1svQmCdlwVYX6iP4Q,5kb1M1svQmCdlwVYX6iP4Q/856560084943113,11210,130,74
campus_train0,5kb1M1svQmCdlwVYX6iP4Q,5kb1M1svQmCdlwVYX6iP4Q/856560084943113,11220,141,79
campus_train0,5kb1M1svQmCdlwVYX6iP4Q,5kb1M1svQmCdlwVYX6iP4Q/856560084943113,11230,150,81
campus_train0,5kb1M1svQmCdlwVYX6iP4Q,5kb1M1svQmCdlwVYX6iP4Q/856560084943113,11240,154,93
campus_train0,5kb1M1svQmCdlwVYX6iP4Q,5kb1M1svQmCdlwVYX6iP4Q/856560084943113,11250,159,95
campus_train0,5kb1M1svQmCdlwVYX6iP4Q,5kb1M1svQmCdlwVYX6iP4Q/856560084943113,11260,162,96
campus_train0,5kb1M1svQmCdlwVYX6iP4Q,5kb1M1svQmCdlwVYX6iP4Q/856560084943113,11270,144,82
campus_train0,5kb1M1svQmCdlwVYX6iP4Q,5kb1M1svQmCdlwVYX6iP4Q/856560084943113,11280,152,74
campus_train0,5kb1M1svQmCdlwVYX6iP4Q,5kb1M1svQmCdlwVYX6iP4Q/856560084943113,11290,191,108
campus_train0,5kb1M1svQmCdlwVYX6iP4Q,5kb1M1svQmCdlwVYX6iP4Q/856560084943113,11300,204,124
campus_train0,5kb1M1svQmCdlwVYX6iP4Q,5kb1M1svQmCdlwVYX6iP4Q/856560084943113,11310,195,116
campus_train0,5kb1M1svQmCdlwVYX6iP4Q,5kb1M1svQmCdlwVYX6iP4Q/856560084943113,11320,198,101
campus_train0,5kb1M1svQmCdlwVYX6iP4Q,5kb1M1svQmCdlwVYX6iP4Q/856560084943113,11330,231,137
campus_train0,5kb1M1svQmCdlwVYX6iP4Q,5kb1M1svQmCdlwVYX6iP4Q/856560084943113,11340,244,162
campus_train0,5kb1M1svQmCdlwVYX6iP4Q,5kb1M1svQmCdlwVYX6iP4Q/856560084943113,11350,270,185
campus_train0,5kb1M1svQmCdlwVYX6iP4Q,5kb1M1svQmCdlwVYX6iP4Q/856560084943113,11360,292,190
campus_train0,5kb1M1svQmCdlwVYX6iP4Q,5kb1M1svQmCdlwVYX6iP4Q/856560084943113,11370,323,228
campus_train0,5kb1M1svQmCdlwVYX6iP4Q,5kb1M1svQmCdlwVYX6iP4Q/856560084943113,11380,433,324
campus_train0,5kb1M1svQmCdlwVYX6iP4Q,5kb1M1svQmCdlwVYX6iP4Q/856560084943113,11390,434,362
campus_train0,5kb1M1svQmCdlwVYX6iP4Q,5kb1M1svQmCdlwVYX6iP4Q/856560084943113,11400,516,396
campus_train0,5kb1M1svQmCdlwVYX6iP4Q,5kb1M1svQmCdlwVYX6iP4Q/856560084943113,11410,593,486
campus_train0,5kb1M1svQmCdlwVYX6iP4Q,5kb1M1svQmCdlwVYX6iP4Q/856560084943113,11420,715,560
campus_train0,5kb1M1svQmCdlwVYX6iP4Q,5kb1M1svQmCdlwVYX6iP4Q/856560084943113,11430,862,655
campus_train0,5kb1M1svQmCdlwVYX6iP4Q,5kb1M1svQmCdlwVYX6iP4Q/856560084943113,11440,1106,840
campus_train0,5kb1M1svQmCdlwVYX6iP4Q,5kb1M1svQmCdlwVYX6iP4Q/856560084943113,11450,1482,1069
campus_train0,5kb1M1svQmCdlwVYX6iP4Q,5kb1M1svQmCdlwVYX6iP4Q/856560084943113,11460,1404,1130
campus_train0,5kb1M1svQmCdlwVYX6iP4Q,5kb1M1svQmCdlwVYX6iP4Q/856560084943113,11470,1013,904
campus_train0,5kb1M1svQmCdlwVYX6iP4Q,5kb1M1svQmCdlwVYX6iP4Q/864889470756528,11200,132,35
campus_train0,5kb1M1svQmCdlwVYX6iP4Q,5kb1M1svQmCdlwVYX6iP4Q/864889470756528,11210,110,34
campus_train0,5kb1M1svQmCdlwVYX6iP4Q,5kb1M1svQmCdlwVYX6iP4Q/864889470756528,11220,87,23
campus_train0,5kb1M1svQmCdlwVYX6iP4Q,5kb1M1svQmCdlwVYX6iP4Q/864889470756528,11230,78,28
campus_train0,5kb1M1svQmCdlwVYX6iP4Q,5kb1M1svQmCdlwVYX6iP4Q/864889470756528,11240,109,30
campus_train0,5kb1M1svQmCdlwVYX6iP4Q,5kb1M1svQmCdlwVYX6iP4Q/864889470756528,11250,87,28
campus_train0,5kb1M1svQmCdlwVYX6iP4Q,5kb1M1svQmCdlwVYX6iP4Q/864889470756528,11260,110,33
campus_train0,5kb1M1svQmCdlwVYX6iP4Q,5kb1M1svQmCdlwVYX6iP4Q/864889470756528,11270,83,30
campus_train0,5kb1M1svQmCdlwVYX6iP4Q,5kb1M1svQmCdlwVYX6iP4Q/864889470756528,11280,83,26
campus_train0,5kb1M1svQmCdlwVYX6iP4Q,5kb1M1svQmCdlwVYX6iP4Q/864889470756528,11290,105,31
campus_train0,5kb1M1svQmCdlwVYX6iP4Q,5kb1M1svQmCdlwVYX6iP4Q/864889470756528,11300,89,48
campus_train0,5kb1M1svQmCdlwVYX6iP4Q,5kb1M1svQmCdlwVYX6iP4Q/864889470756528,11310,79,29
campus_train0,5kb1M1svQmCdlwVYX6iP4Q,5kb1M1svQmCdlwVYX6iP4Q/864889470756528,11320,73,30
campus_train0,5kb1M1svQmCdlwVYX6iP4Q,5kb1M1svQmCdlwVYX6iP4Q/864889470756528,11330,76,35
campus_train0,5kb1M1svQmCdlwVYX6iP4Q,5kb1M1svQmCdlwVYX6iP4Q/864889470756528,11340,85,31
campus_train0,5kb1M1svQmCdlwVYX6iP4Q,5kb1M1svQmCdlwVYX6iP4Q/864889470756528,11350,80,42
campus_train0,5kb1M1svQmCdlwVYX6iP4Q,5kb1M1svQmCdlwVYX6iP4Q/864889470756528,11360,87,37
campus_train0,5kb1M1svQmCdlwVYX6iP4Q,5kb1M1svQmCdlwVYX6iP4Q/864889470756528,11370,85,41
campus_train0,5kb1M1svQmCdlwVYX6iP4Q,5kb1M1svQmCdlwVYX6iP4Q/864889470756528,11380,80,37
campus_train0,5kb1M1svQmCdlwVYX6iP4Q,5kb1M1svQmCdlwVYX6iP4Q/864889470756528,11390,93,36
campus_train0,5kb1M1svQmCdlwVYX6iP4Q,5kb1M1svQmCdlwVYX6iP4Q/864889470756528,11400,109,54
campus_train0,5kb1M1svQmCdlwVYX6iP4Q,5kb1M1svQmCdlwVYX6iP4Q/864889470756528,11410,136,91
campus_train0,5kb1M1svQmCdlwVYX6iP4Q,5kb1M1svQmCdlwVYX6iP4Q/864889470756528,11420,119,64
campus_train0,5kb1M1svQmCdlwVYX6iP4Q,5kb1M1svQmCdlwVYX6iP4Q/864889470756528,11430,148,85
campus_train0,5kb1M1svQmCdlwVYX6iP4Q,5kb1M1svQmCdlwVYX6iP4Q/864889470756528,11440,158,107
campus_train0,5kb1M1svQmCdlwVYX6iP4Q,5kb1M1svQmCdlwVYX6iP4Q/864889470756528,11450,165,106
campus_train0,5kb1M1svQmCdlwVYX6iP4Q,5kb1M1svQmCdlwVYX6iP4Q/864889470756528,11460,169,122
campus_train0,5kb1M1svQmCdlwVYX6iP4Q,5kb1M1svQmCdlwVYX6iP4Q/864889470756528,11470,164,108
campus_train0,5kb1M1svQmCdlwVYX6iP4Q,5kb1M1svQmCdlwVYX6iP4Q/927137594735314,11200,204,94
campus_train0,5kb1M1svQmCdlwVYX6iP4Q,5kb1M1svQmCdlwVYX6iP4Q/927137594735314,11210,158,66
campus_train0,5kb1M1svQmCdlwVYX6iP4Q,5kb1M1svQmCdlwVYX6iP4Q/927137594735314,11220,165,85
campus_train0,5kb1M1svQmCdlwVYX6iP4Q,5kb1M1svQmCdlwVYX6iP4Q/927137594735314,11230,173,77
campus_train0,5kb1M1svQmCdlwVYX6iP4Q,5kb1M1svQmCdlwVYX6iP4Q/927137594735314,11240,232,120
campus_train0,5kb1M1svQmCdlwVYX6iP4Q,5kb1M1svQmCdlwVYX6iP4Q/927137594735314,11250,291,142
campus_train0,5kb1M1svQmCdlwVYX6iP4Q,5kb1M1svQmCdlwVYX6iP4Q/927137594735314,11260,299,143
campus_train0,5kb1M1svQmCdlwVYX6iP4Q,5kb1M1svQmCdlwVYX6iP4Q/927137594735314,11270,355,208
campus_train0,5kb1M1svQmCdlwVYX6iP4Q,5kb1M1svQmCdlwVYX6iP4Q/927137594735314,11280,370,191
campus_train0,5kb1M1svQmCdlwVYX6iP4Q,5kb1M1svQmCdlwVYX6iP4Q/927137594735314,11290,434,232
campus_train0,5kb1M1svQmCdlwVYX6iP4Q,5kb1M1svQmCdlwVYX6iP4Q/927137594735314,11300,489,241
campus_train0,5kb1M1svQmCdlwVYX6iP4Q,5kb1M1svQmCdlwVYX6iP4Q/927137594735314,11310,388,186
campus_train0,5kb1M1svQmCdlwVYX6iP4Q,5kb1M1svQmCdlwVYX6iP4Q/927137594735314,11320,698,366
campus_train0,5kb1M1svQmCdlwVYX6iP4Q,5kb1M1svQmCdlwVYX6iP4Q/927137594735314,11330,614,254
campus_train0,5kb1M1svQmCdlwVYX6iP4Q,5kb1M1svQmCdlwVYX6iP4Q/927137594735314,11340,971,474
campus_train0,5kb1M1svQmCdlwVYX6iP4Q,5kb1M1svQmCdlwVYX6iP4Q/927137594735314,11350,970,526
campus_train0,5kb1M1svQmCdlwVYX6iP4Q,5kb1M1svQmCdlwVYX6iP4Q/927137594735314,11360,740,438
campus_train0,5kb1M1svQmCdlwVYX6iP4Q,5kb1M1svQmCdlwVYX6iP4Q/927137594735314,11370,784,502
campus_train0,5kb1M1svQmCdlwVYX6iP4Q,5kb1M1svQmCdlwVYX6iP4Q/927137594735314,11380,516,301
campus_train0,5kb1M1svQmCdlwVYX6iP4Q,5kb1M1svQmCdlwVYX6iP4Q/927137594735314,11390,342,218
campus_train0,5kb1M1svQmCdlwVYX6iP4Q,5kb1M1svQmCdlwVYX6iP4Q/927137594735314,11400,309,183
campus_train0,5kb1M1svQmCdlwVYX6iP4Q,5kb1M1svQmCdlwVYX6iP4Q/927137594735314,11410,304,195
campus_train0,5kb1M1svQmCdlwVYX6iP4Q,5kb1M1svQmCdlwVYX6iP4Q/927137594735314,11420,287,186
campus_train0,5kb1M1svQmCdlwVYX6iP4Q,5kb1M1svQmCdlwVYX6iP4Q/927137594735314,11430,259,174
campus_train0,5kb1M1svQmCdlwVYX6iP4Q,5kb1M1svQmCdlwVYX6iP4Q/927137594735314,11440,289,169
campus_train0,5kb1M1svQmCdlwVYX6iP4Q,5kb1M1svQmCdlwVYX6iP4Q/927137594735314,11450,246,166
campus_train0,5kb1M1svQmCdlwVYX6iP4Q,5kb1M1svQmCdlwVYX6iP4Q/927137594735314,11460,238,138
campus_train0,5kb1M1svQmCdlwVYX6iP4Q,5kb1M1svQmCdlwVYX6iP4Q/927137594735314,11470,176,95
