anchor_idx,query_idx,num_matches,num_inliers,anchor_range
4990,5000,1490,1324,"(4000, 5000)"
4980,5000,1219,1005,"(4000, 5000)"
4970,5000,1055,974,"(4000, 5000)"
4990,5020,899,761,"(4000, 5000)"
4980,5020,752,639,"(4000, 5000)"
4970,5020,622,513,"(4000, 5000)"
4040,5040,562,497,"(4000, 5000)"
4050,5040,539,455,"(4000, 5000)"
4030,5040,498,445,"(4000, 5000)"
4060,5060,1144,1086,"(4000, 5000)"
4040,5060,1015,929,"(4000, 5000)"
4050,5060,1167,923,"(4000, 5000)"
4070,5080,1631,1526,"(4000, 5000)"
4060,5080,1367,1358,"(4000, 5000)"
4080,5080,1196,1141,"(4000, 5000)"
4080,5100,1571,1533,"(4000, 5000)"
4090,5100,1388,1213,"(4000, 5000)"
4070,5100,1158,1070,"(4000, 5000)"
4100,5120,1667,1521,"(4000, 5000)"
4110,5120,1289,1239,"(4000, 5000)"
4090,5120,1174,1170,"(4000, 5000)"
4120,5140,1644,1482,"(4000, 5000)"
4130,5140,1299,1181,"(4000, 5000)"
4110,5140,1159,1119,"(4000, 5000)"
4150,5160,1454,1335,"(4000, 5000)"
4140,5160,1563,1297,"(4000, 5000)"
4160,5160,1154,1142,"(4000, 5000)"
4170,5180,1714,1584,"(4000, 5000)"
4160,5180,1393,1180,"(4000, 5000)"
4180,5180,1216,1143,"(4000, 5000)"
10610,7800,1418,1401,"(9500, 10950)"
10600,7800,1333,1201,"(9500, 10950)"
10620,7800,1073,918,"(9500, 10950)"
10640,7820,1736,1603,"(9500, 10950)"
10650,7820,1383,1375,"(9500, 10950)"
10660,7820,1125,1051,"(9500, 10950)"
10680,7840,1645,1624,"(9500, 10950)"
10690,7840,1566,1354,"(9500, 10950)"
10700,7840,1331,1329,"(9500, 10950)"
10740,7860,1483,1269,"(9500, 10950)"
10750,7860,1256,1210,"(9500, 10950)"
10730,7860,1426,1188,"(9500, 10950)"
10780,7880,1478,1340,"(9500, 10950)"
10770,7880,1447,1313,"(9500, 10950)"
10790,7880,1189,1164,"(9500, 10950)"
10810,7900,1605,1505,"(9500, 10950)"
10800,7900,1329,1244,"(9500, 10950)"
10820,7900,1238,1159,"(9500, 10950)"
10840,7920,1572,1472,"(9500, 10950)"
10830,7920,1469,1230,"(9500, 10950)"
10850,7920,1288,1218,"(9500, 10950)"
10860,7940,1589,1480,"(9500, 10950)"
10870,7940,1436,1378,"(9500, 10950)"
10850,7940,1299,1221,"(9500, 10950)"
10890,7960,1918,1858,"(9500, 10950)"
10880,7960,1403,1370,"(9500, 10950)"
10900,7960,1317,1306,"(9500, 10950)"
10910,7980,1815,1667,"(9500, 10950)"
10920,7980,1360,1308,"(9500, 10950)"
10900,7980,1300,1262,"(9500, 10950)"
8690,8700,1116,893,"(8000, 8700)"
8680,8700,585,543,"(8000, 8700)"
8000,8700,464,409,"(8000, 8700)"
8010,8720,1072,1066,"(8000, 8700)"
8020,8720,1052,1013,"(8000, 8700)"
8000,8720,894,844,"(8000, 8700)"
8030,8740,1673,1659,"(8000, 8700)"
8020,8740,1226,1163,"(8000, 8700)"
8040,8740,1172,1141,"(8000, 8700)"
8050,8760,1413,1382,"(8000, 8700)"
8040,8760,1388,1172,"(8000, 8700)"
8060,8760,1054,978,"(8000, 8700)"
8060,8780,1881,1782,"(8000, 8700)"
8070,8780,1206,1095,"(8000, 8700)"
8050,8780,1203,1066,"(8000, 8700)"
8080,8800,1499,1476,"(8000, 8700)"
8070,8800,1403,1273,"(8000, 8700)"
8060,8800,1024,992,"(8000, 8700)"
8090,8820,1781,1678,"(8000, 8700)"
8100,8820,1217,1117,"(8000, 8700)"
8080,8820,1176,1020,"(8000, 8700)"
8110,8840,1498,1482,"(8000, 8700)"
8100,8840,1466,1272,"(8000, 8700)"
8120,8840,1104,1016,"(8000, 8700)"
8120,8860,1717,1587,"(8000, 8700)"
8110,8860,1290,1277,"(8000, 8700)"
8130,8860,1155,1098,"(8000, 8700)"
8130,8880,1890,1693,"(8000, 8700)"
8140,8880,1216,1184,"(8000, 8700)"
8120,8880,1221,1182,"(8000, 8700)"
8140,8900,1674,1652,"(8000, 8700)"
8150,8900,1307,1280,"(8000, 8700)"
8130,8900,1171,1085,"(8000, 8700)"
8150,8920,1572,1451,"(8000, 8700)"
8160,8920,1369,1308,"(8000, 8700)"
8140,8920,1144,1062,"(8000, 8700)"
8170,8940,1501,1464,"(8000, 8700)"
8160,8940,1492,1444,"(8000, 8700)"
8180,8940,1103,1005,"(8000, 8700)"
8180,8960,1669,1455,"(8000, 8700)"
8170,8960,1384,1287,"(8000, 8700)"
8190,8960,1167,1078,"(8000, 8700)"
8190,8980,1718,1502,"(8000, 8700)"
8200,8980,1363,1301,"(8000, 8700)"
8180,8980,1295,1185,"(8000, 8700)"
8210,9000,1589,1583,"(8000, 8700)"
8200,9000,1578,1569,"(8000, 8700)"
8190,9000,1295,1282,"(8000, 8700)"
8220,9020,1524,1363,"(8000, 8700)"
8230,9020,1445,1262,"(8000, 8700)"
8210,9020,1266,1214,"(8000, 8700)"
8260,9040,1414,1306,"(8000, 8700)"
8250,9040,1392,1259,"(8000, 8700)"
8240,9040,1395,1258,"(8000, 8700)"
8270,9060,1541,1455,"(8000, 8700)"
8280,9060,1418,1298,"(8000, 8700)"
8260,9060,1099,996,"(8000, 8700)"
8290,9080,1604,1502,"(8000, 8700)"
8300,9080,1527,1433,"(8000, 8700)"
8280,9080,972,963,"(8000, 8700)"
8310,9100,1580,1532,"(8000, 8700)"
8320,9100,1432,1381,"(8000, 8700)"
8300,9100,1022,997,"(8000, 8700)"
8340,9120,1585,1462,"(8000, 8700)"
8330,9120,1473,1353,"(8000, 8700)"
8320,9120,840,794,"(8000, 8700)"
8350,9140,1491,1491,"(8000, 8700)"
8360,9140,1296,1291,"(8000, 8700)"
8340,9140,1019,1005,"(8000, 8700)"
8370,9160,1499,1252,"(8000, 8700)"
8360,9160,1079,1054,"(8000, 8700)"
8380,9160,1261,1046,"(8000, 8700)"
8390,9180,1532,1463,"(8000, 8700)"
8400,9180,1205,1163,"(8000, 8700)"
8380,9180,1080,1053,"(8000, 8700)"
8410,9200,1689,1549,"(8000, 8700)"
8420,9200,1088,994,"(8000, 8700)"
8400,9200,1045,876,"(8000, 8700)"
8430,9220,1776,1712,"(8000, 8700)"
8420,9220,1056,1053,"(8000, 8700)"
8440,9220,1124,955,"(8000, 8700)"
8450,9240,1728,1580,"(8000, 8700)"
8440,9240,1123,1116,"(8000, 8700)"
8460,9240,1081,1025,"(8000, 8700)"
8470,9260,1760,1523,"(8000, 8700)"
8480,9260,1103,1001,"(8000, 8700)"
8460,9260,1100,999,"(8000, 8700)"
8490,9280,1781,1705,"(8000, 8700)"
8480,9280,1174,1085,"(8000, 8700)"
8500,9280,1063,1054,"(8000, 8700)"
8510,9300,1810,1790,"(8000, 8700)"
8520,9300,1184,1081,"(8000, 8700)"
8500,9300,1168,958,"(8000, 8700)"
8530,9320,1881,1708,"(8000, 8700)"
8540,9320,1214,1208,"(8000, 8700)"
8520,9320,1193,1173,"(8000, 8700)"
8550,9340,1831,1689,"(8000, 8700)"
8560,9340,1397,1393,"(8000, 8700)"
8540,9340,1314,1225,"(8000, 8700)"
8570,9360,1864,1797,"(8000, 8700)"
8580,9360,1502,1363,"(8000, 8700)"
8560,9360,1401,1199,"(8000, 8700)"
8590,9380,1890,1805,"(8000, 8700)"
8600,9380,1433,1345,"(8000, 8700)"
8580,9380,1480,1296,"(8000, 8700)"
8610,9400,1801,1789,"(8000, 8700)"
8600,9400,1410,1384,"(8000, 8700)"
8620,9400,1308,1294,"(8000, 8700)"
8630,9420,1752,1621,"(8000, 8700)"
8640,9420,1359,1274,"(8000, 8700)"
8620,9420,1344,1177,"(8000, 8700)"
8650,9440,1729,1579,"(8000, 8700)"
8660,9440,1503,1339,"(8000, 8700)"
8640,9440,1143,934,"(8000, 8700)"
8670,9460,1614,1581,"(8000, 8700)"
8680,9460,1399,1351,"(8000, 8700)"
8660,9460,1167,1150,"(8000, 8700)"
8680,9480,1112,1028,"(8000, 8700)"
8670,9480,1001,886,"(8000, 8700)"
8690,9480,889,864,"(8000, 8700)"
810,11300,612,520,"(610, 3100)"
820,11300,582,520,"(610, 3100)"
800,11300,599,406,"(610, 3100)"
800,11320,526,479,"(610, 3100)"
790,11320,599,469,"(610, 3100)"
780,11320,614,455,"(610, 3100)"
760,11340,690,460,"(610, 3100)"
750,11340,701,434,"(610, 3100)"
770,11340,596,430,"(610, 3100)"
730,11360,743,505,"(610, 3100)"
740,11360,648,492,"(610, 3100)"
750,11360,676,467,"(610, 3100)"
720,11380,679,469,"(610, 3100)"
700,11380,678,465,"(610, 3100)"
710,11380,669,442,"(610, 3100)"
700,11400,668,437,"(610, 3100)"
690,11400,599,383,"(610, 3100)"
710,11400,520,359,"(610, 3100)"
690,11420,497,401,"(610, 3100)"
3080,11420,557,347,"(610, 3100)"
680,11420,575,346,"(610, 3100)"
3070,11440,584,378,"(610, 3100)"
3060,11440,554,363,"(610, 3100)"
3090,11440,579,346,"(610, 3100)"
3090,11460,575,484,"(610, 3100)"
3070,11460,612,429,"(610, 3100)"
3080,11460,593,429,"(610, 3100)"
3050,11480,576,364,"(610, 3100)"
3040,11480,531,345,"(610, 3100)"
3060,11480,528,331,"(610, 3100)"
8030,12048,1562,1410,"(8000, 8700)"
8040,12048,1282,1258,"(8000, 8700)"
8020,12048,1154,1082,"(8000, 8700)"
8030,12068,1559,1471,"(8000, 8700)"
8040,12068,1279,1183,"(8000, 8700)"
8020,12068,1151,1141,"(8000, 8700)"
8030,12088,1559,1379,"(8000, 8700)"
8040,12088,1303,1163,"(8000, 8700)"
8050,12088,1028,977,"(8000, 8700)"
8030,12108,1462,1437,"(8000, 8700)"
8040,12108,1385,1299,"(8000, 8700)"
8020,12108,1093,1090,"(8000, 8700)"
8040,12128,1690,1627,"(8000, 8700)"
8030,12128,1200,1166,"(8000, 8700)"
8050,12128,1182,1032,"(8000, 8700)"
8050,12148,1656,1334,"(8000, 8700)"
8040,12148,1283,1274,"(8000, 8700)"
8060,12148,1161,1052,"(8000, 8700)"
8060,12168,1753,1693,"(8000, 8700)"
8050,12168,1200,1189,"(8000, 8700)"
8070,12168,1225,1062,"(8000, 8700)"
8070,12188,1578,1374,"(8000, 8700)"
8080,12188,1306,1260,"(8000, 8700)"
8060,12188,1083,1001,"(8000, 8700)"
8090,12208,1533,1450,"(8000, 8700)"
8080,12208,1361,1240,"(8000, 8700)"
8100,12208,1099,1021,"(8000, 8700)"
8100,12228,1717,1613,"(8000, 8700)"
8110,12228,1287,1159,"(8000, 8700)"
8090,12228,1175,992,"(8000, 8700)"
8120,12248,1758,1579,"(8000, 8700)"
8110,12248,1293,1124,"(8000, 8700)"
8130,12248,1187,1076,"(8000, 8700)"
8140,12268,1630,1554,"(8000, 8700)"
8130,12268,1326,1149,"(8000, 8700)"
8150,12268,1157,1084,"(8000, 8700)"
8160,12288,1644,1474,"(8000, 8700)"
8150,12288,1336,1193,"(8000, 8700)"
8170,12288,1169,1136,"(8000, 8700)"
8180,12308,1746,1636,"(8000, 8700)"
8170,12308,1374,1306,"(8000, 8700)"
8190,12308,1250,1235,"(8000, 8700)"
8200,12328,1871,1772,"(8000, 8700)"
8210,12328,1474,1473,"(8000, 8700)"
8190,12328,1450,1428,"(8000, 8700)"
8220,12348,1463,1373,"(8000, 8700)"
8240,12348,1429,1344,"(8000, 8700)"
8230,12348,1561,1335,"(8000, 8700)"
8260,12368,1422,1347,"(8000, 8700)"
8270,12368,1407,1282,"(8000, 8700)"
8250,12368,1235,1119,"(8000, 8700)"
8280,12388,1717,1525,"(8000, 8700)"
8290,12388,1392,1257,"(8000, 8700)"
8270,12388,1046,843,"(8000, 8700)"
8300,12408,1781,1479,"(8000, 8700)"
8290,12408,1259,1049,"(8000, 8700)"
8310,12408,1195,1023,"(8000, 8700)"
8310,12428,1520,1367,"(8000, 8700)"
8300,12428,1131,1087,"(8000, 8700)"
8320,12428,1253,1065,"(8000, 8700)"
8320,12448,1478,1476,"(8000, 8700)"
8330,12448,1178,1076,"(8000, 8700)"
8310,12448,1046,1037,"(8000, 8700)"
8330,12468,1378,1263,"(8000, 8700)"
8340,12468,1464,1261,"(8000, 8700)"
8320,12468,799,655,"(8000, 8700)"
8350,12488,1714,1521,"(8000, 8700)"
8360,12488,1163,1120,"(8000, 8700)"
8340,12488,1130,1026,"(8000, 8700)"
8370,12508,1501,1496,"(8000, 8700)"
8360,12508,1291,1225,"(8000, 8700)"
8350,12508,970,947,"(8000, 8700)"
8380,12528,1361,1360,"(8000, 8700)"
8390,12528,1296,1087,"(8000, 8700)"
8370,12528,1005,962,"(8000, 8700)"
8400,12548,1387,1385,"(8000, 8700)"
8410,12548,1218,1170,"(8000, 8700)"
8390,12548,1006,945,"(8000, 8700)"
8420,12568,1329,1328,"(8000, 8700)"
8430,12568,1258,1211,"(8000, 8700)"
8410,12568,912,812,"(8000, 8700)"
8440,12588,1283,1270,"(8000, 8700)"
8450,12588,1321,1262,"(8000, 8700)"
8460,12588,928,905,"(8000, 8700)"
8470,12608,1475,1253,"(8000, 8700)"
8460,12608,1176,1081,"(8000, 8700)"
8480,12608,1028,1012,"(8000, 8700)"
8490,12628,1778,1762,"(8000, 8700)"
8480,12628,1156,1054,"(8000, 8700)"
8500,12628,1069,988,"(8000, 8700)"
8510,12648,1681,1493,"(8000, 8700)"
8520,12648,1215,1211,"(8000, 8700)"
8500,12648,1056,1006,"(8000, 8700)"
8530,12668,1538,1526,"(8000, 8700)"
8540,12668,1430,1411,"(8000, 8700)"
8550,12668,1128,1118,"(8000, 8700)"
8560,12688,1691,1517,"(8000, 8700)"
8550,12688,1507,1495,"(8000, 8700)"
8570,12688,1356,1189,"(8000, 8700)"
8580,12708,1864,1863,"(8000, 8700)"
8570,12708,1487,1481,"(8000, 8700)"
8590,12708,1434,1302,"(8000, 8700)"
8600,12728,1782,1562,"(8000, 8700)"
8610,12728,1438,1365,"(8000, 8700)"
8590,12728,1388,1298,"(8000, 8700)"
8630,12748,1556,1443,"(8000, 8700)"
8620,12748,1683,1432,"(8000, 8700)"
8610,12748,1177,1067,"(8000, 8700)"
8650,12768,1715,1559,"(8000, 8700)"
8640,12768,1405,1323,"(8000, 8700)"
8660,12768,1215,1149,"(8000, 8700)"
8670,12788,1699,1596,"(8000, 8700)"
8680,12788,1374,1365,"(8000, 8700)"
8660,12788,1205,1151,"(8000, 8700)"
8690,12808,1688,1501,"(8000, 8700)"
8680,12808,1028,975,"(8000, 8700)"
8670,12808,626,536,"(8000, 8700)"
8010,12828,725,611,"(8000, 8700)"
8000,12828,661,605,"(8000, 8700)"
8690,12828,637,602,"(8000, 8700)"
8020,12848,1185,1115,"(8000, 8700)"
8030,12848,996,954,"(8000, 8700)"
8010,12848,922,846,"(8000, 8700)"
8040,12868,1428,1348,"(8000, 8700)"
8030,12868,1311,1223,"(8000, 8700)"
8050,12868,1103,1068,"(8000, 8700)"
8050,12888,1708,1396,"(8000, 8700)"
8040,12888,1170,1132,"(8000, 8700)"
8060,12888,1279,1047,"(8000, 8700)"
8070,12908,1648,1447,"(8000, 8700)"
8060,12908,1301,1202,"(8000, 8700)"
8080,12908,1122,941,"(8000, 8700)"
8080,12928,1575,1542,"(8000, 8700)"
8090,12928,1371,1327,"(8000, 8700)"
8070,12928,1082,1027,"(8000, 8700)"
8100,12948,1809,1760,"(8000, 8700)"
8110,12948,1207,1169,"(8000, 8700)"
8090,12948,1258,1155,"(8000, 8700)"
8120,12968,1463,1423,"(8000, 8700)"
8110,12968,1352,1334,"(8000, 8700)"
8100,12968,1073,900,"(8000, 8700)"
8130,12988,1618,1510,"(8000, 8700)"
8140,12988,1331,1311,"(8000, 8700)"
8150,12988,1053,1044,"(8000, 8700)"
8150,13008,1891,1888,"(8000, 8700)"
8140,13008,1293,1221,"(8000, 8700)"
8160,13008,1264,1154,"(8000, 8700)"
8170,13028,1767,1731,"(8000, 8700)"
8180,13028,1194,1174,"(8000, 8700)"
8160,13028,1335,1098,"(8000, 8700)"
8190,13048,1677,1465,"(8000, 8700)"
8180,13048,1422,1416,"(8000, 8700)"
8200,13048,1328,1273,"(8000, 8700)"
8210,13068,1638,1543,"(8000, 8700)"
8200,13068,1651,1484,"(8000, 8700)"
8220,13068,1351,1281,"(8000, 8700)"
8220,13088,1656,1569,"(8000, 8700)"
8230,13088,1552,1517,"(8000, 8700)"
8240,13088,1376,1360,"(8000, 8700)"
8240,13108,1377,1327,"(8000, 8700)"
8260,13108,1400,1286,"(8000, 8700)"
8250,13108,1378,1224,"(8000, 8700)"
8270,13128,1571,1429,"(8000, 8700)"
8280,13128,1360,1214,"(8000, 8700)"
8260,13128,1136,1086,"(8000, 8700)"
4780,13548,164,136,"(4000, 5000)"
4830,13548,223,110,"(4000, 5000)"
4790,13548,121,95,"(4000, 5000)"
4780,13568,783,699,"(4000, 5000)"
4770,13568,822,680,"(4000, 5000)"
4790,13568,638,590,"(4000, 5000)"
4790,13588,1481,1379,"(4000, 5000)"
4780,13588,1378,1171,"(4000, 5000)"
4800,13588,1200,1169,"(4000, 5000)"
4810,13608,1843,1705,"(4000, 5000)"
4800,13608,1491,1486,"(4000, 5000)"
4820,13608,1409,1329,"(4000, 5000)"
4830,13628,1773,1702,"(4000, 5000)"
4840,13628,1445,1370,"(4000, 5000)"
4820,13628,1282,1266,"(4000, 5000)"
4850,13648,1585,1514,"(4000, 5000)"
4860,13648,1483,1422,"(4000, 5000)"
4840,13648,1134,1080,"(4000, 5000)"
4880,13668,1645,1641,"(4000, 5000)"
4870,13668,1465,1271,"(4000, 5000)"
4890,13668,1188,1105,"(4000, 5000)"
4900,13688,1737,1721,"(4000, 5000)"
4890,13688,1405,1375,"(4000, 5000)"
4910,13688,1327,1084,"(4000, 5000)"
4920,13708,1962,1923,"(4000, 5000)"
4910,13708,1464,1420,"(4000, 5000)"
4930,13708,1427,1283,"(4000, 5000)"
4940,13728,1900,1651,"(4000, 5000)"
4930,13728,1488,1463,"(4000, 5000)"
4960,13728,1301,1251,"(4000, 5000)"
4970,13748,1666,1545,"(4000, 5000)"
4960,13748,1665,1422,"(4000, 5000)"
4980,13748,1444,1347,"(4000, 5000)"
4990,13768,1570,1384,"(4000, 5000)"
4980,13768,1286,1256,"(4000, 5000)"
4970,13768,1110,1030,"(4000, 5000)"
4990,13788,612,527,"(4000, 5000)"
4980,13788,483,385,"(4000, 5000)"
4970,13788,430,358,"(4000, 5000)"
4060,13808,887,822,"(4000, 5000)"
4050,13808,915,805,"(4000, 5000)"
4040,13808,793,778,"(4000, 5000)"
4070,13828,1530,1342,"(4000, 5000)"
4060,13828,1217,1127,"(4000, 5000)"
4080,13828,1206,1040,"(4000, 5000)"
4090,13848,1645,1534,"(4000, 5000)"
4080,13848,1273,1199,"(4000, 5000)"
4100,13848,1175,1126,"(4000, 5000)"
4110,13868,1762,1487,"(4000, 5000)"
4120,13868,1229,1148,"(4000, 5000)"
4100,13868,1242,1077,"(4000, 5000)"
4130,13888,1666,1375,"(4000, 5000)"
4140,13888,1370,1299,"(4000, 5000)"
4120,13888,1163,1049,"(4000, 5000)"
4150,13908,1498,1454,"(4000, 5000)"
4160,13908,1547,1286,"(4000, 5000)"
4170,13908,1188,1132,"(4000, 5000)"
4180,13928,1672,1597,"(4000, 5000)"
4190,13928,1300,1248,"(4000, 5000)"
4170,13928,1272,1203,"(4000, 5000)"
4200,13948,1521,1476,"(4000, 5000)"
4210,13948,1457,1418,"(4000, 5000)"
4190,13948,921,889,"(4000, 5000)"
4230,13968,1575,1499,"(4000, 5000)"
4220,13968,1420,1412,"(4000, 5000)"
4240,13968,1076,1055,"(4000, 5000)"
4250,13988,1705,1571,"(4000, 5000)"
4240,13988,1224,1176,"(4000, 5000)"
4260,13988,1144,1108,"(4000, 5000)"
4270,14008,1699,1539,"(4000, 5000)"
4280,14008,1205,1082,"(4000, 5000)"
4260,14008,1105,1048,"(4000, 5000)"
4290,14028,1533,1436,"(4000, 5000)"
4300,14028,1197,1121,"(4000, 5000)"
4280,14028,1063,927,"(4000, 5000)"
4310,14048,1384,1362,"(4000, 5000)"
4320,14048,1320,1315,"(4000, 5000)"
4330,14048,973,916,"(4000, 5000)"
4340,14068,1447,1413,"(4000, 5000)"
4330,14068,1251,1243,"(4000, 5000)"
4350,14068,1047,1028,"(4000, 5000)"
4360,14088,1666,1558,"(4000, 5000)"
4370,14088,1253,1105,"(4000, 5000)"
4350,14088,1240,1090,"(4000, 5000)"
4390,14108,1669,1456,"(4000, 5000)"
4400,14108,1447,1414,"(4000, 5000)"
4410,14108,1294,1286,"(4000, 5000)"
4440,14128,1523,1504,"(4000, 5000)"
4430,14128,1532,1445,"(4000, 5000)"
4450,14128,1350,1226,"(4000, 5000)"
8670,14948,1171,1154,"(8000, 8700)"
8680,14948,1172,1064,"(8000, 8700)"
8660,14948,1160,1053,"(8000, 8700)"
8690,14968,1445,1436,"(8000, 8700)"
8680,14968,1278,1230,"(8000, 8700)"
8670,14968,868,823,"(8000, 8700)"
8000,14988,763,740,"(8000, 8700)"
8690,14988,768,732,"(8000, 8700)"
8010,14988,671,618,"(8000, 8700)"
8020,15008,1281,1196,"(8000, 8700)"
8010,15008,965,943,"(8000, 8700)"
8030,15008,927,909,"(8000, 8700)"
8040,15028,1438,1231,"(8000, 8700)"
8030,15028,1264,1177,"(8000, 8700)"
8050,15028,1087,1063,"(8000, 8700)"
8050,15048,1495,1452,"(8000, 8700)"
8060,15048,1386,1378,"(8000, 8700)"
8040,15048,1125,1101,"(8000, 8700)"
8070,15068,1703,1562,"(8000, 8700)"
8080,15068,1253,1240,"(8000, 8700)"
8060,15068,1154,1124,"(8000, 8700)"
8090,15088,1746,1691,"(8000, 8700)"
8080,15088,1226,1164,"(8000, 8700)"
8100,15088,1172,1113,"(8000, 8700)"
8110,15108,1645,1601,"(8000, 8700)"
8100,15108,1307,1110,"(8000, 8700)"
8120,15108,1160,997,"(8000, 8700)"
8130,15128,1609,1570,"(8000, 8700)"
8120,15128,1347,1329,"(8000, 8700)"
8140,15128,1160,1043,"(8000, 8700)"
8150,15148,1615,1580,"(8000, 8700)"
8140,15148,1383,1169,"(8000, 8700)"
8130,15148,1035,1000,"(8000, 8700)"
8170,15168,1624,1502,"(8000, 8700)"
8160,15168,1416,1303,"(8000, 8700)"
8180,15168,1147,1108,"(8000, 8700)"
8190,15188,1611,1471,"(8000, 8700)"
8180,15188,1508,1300,"(8000, 8700)"
8200,15188,1257,1162,"(8000, 8700)"
8200,15208,1668,1658,"(8000, 8700)"
8210,15208,1646,1521,"(8000, 8700)"
8190,15208,1311,1287,"(8000, 8700)"
8220,15228,1549,1414,"(8000, 8700)"
8240,15228,1419,1362,"(8000, 8700)"
8230,15228,1551,1280,"(8000, 8700)"
890,15248,501,339,"(610, 3100)"
910,15248,408,293,"(610, 3100)"
880,15248,459,261,"(610, 3100)"
1070,15268,174,138,"(610, 3100)"
1050,15268,131,121,"(610, 3100)"
1080,15268,151,121,"(610, 3100)"
1030,15288,647,570,"(610, 3100)"
1010,15288,601,543,"(610, 3100)"
1020,15288,646,500,"(610, 3100)"
1010,15308,1162,1128,"(610, 3100)"
1020,15308,1091,1018,"(610, 3100)"
1030,15308,1003,923,"(610, 3100)"
1030,15328,1558,1539,"(610, 3100)"
1020,15328,1269,1231,"(610, 3100)"
1040,15328,1237,1214,"(610, 3100)"
1040,15348,1639,1540,"(610, 3100)"
1050,15348,1544,1530,"(610, 3100)"
1030,15348,1167,1164,"(610, 3100)"
1060,15368,1894,1772,"(610, 3100)"
1050,15368,1363,1351,"(610, 3100)"
1070,15368,1238,1196,"(610, 3100)"
1070,15388,1799,1714,"(610, 3100)"
1080,15388,1341,1307,"(610, 3100)"
1060,15388,1249,1171,"(610, 3100)"
1080,15408,1693,1559,"(610, 3100)"
1090,15408,1406,1322,"(610, 3100)"
1070,15408,1155,1045,"(610, 3100)"
1100,15428,1576,1566,"(610, 3100)"
1090,15428,1541,1484,"(610, 3100)"
1110,15428,1185,1085,"(610, 3100)"
1110,15448,1808,1686,"(610, 3100)"
1120,15448,1396,1337,"(610, 3100)"
1100,15448,1264,1114,"(610, 3100)"
1130,15468,1685,1561,"(610, 3100)"
1120,15468,1397,1389,"(610, 3100)"
1140,15468,1155,1137,"(610, 3100)"
1150,15488,1607,1596,"(610, 3100)"
1140,15488,1495,1393,"(610, 3100)"
1130,15488,1046,1036,"(610, 3100)"
1170,15508,1530,1404,"(610, 3100)"
1160,15508,1517,1324,"(610, 3100)"
1180,15508,1057,949,"(610, 3100)"
1180,15528,1546,1501,"(610, 3100)"
1190,15528,1254,1203,"(610, 3100)"
1170,15528,1172,1151,"(610, 3100)"
1200,15548,1551,1470,"(610, 3100)"
1210,15548,1297,1220,"(610, 3100)"
1220,15548,962,946,"(610, 3100)"
1220,15568,1753,1722,"(610, 3100)"
1230,15568,1286,1197,"(610, 3100)"
1210,15568,1229,1066,"(610, 3100)"
1240,15588,1606,1378,"(610, 3100)"
1250,15588,1202,1102,"(610, 3100)"
1230,15588,1133,1026,"(610, 3100)"
1260,15608,1619,1522,"(610, 3100)"
1270,15608,1202,1136,"(610, 3100)"
1250,15608,1113,1083,"(610, 3100)"
1280,15628,1599,1366,"(610, 3100)"
1290,15628,1163,1062,"(610, 3100)"
1270,15628,1051,922,"(610, 3100)"
1300,15648,1632,1526,"(610, 3100)"
1310,15648,1155,1073,"(610, 3100)"
1290,15648,1096,1045,"(610, 3100)"
1320,15668,1659,1541,"(610, 3100)"
1330,15668,1241,1165,"(610, 3100)"
1310,15668,1132,1013,"(610, 3100)"
1340,15688,1662,1574,"(610, 3100)"
1350,15688,1271,1266,"(610, 3100)"
1330,15688,1284,1151,"(610, 3100)"
1360,15708,1610,1425,"(610, 3100)"
1350,15708,1453,1423,"(610, 3100)"
1340,15708,1090,1076,"(610, 3100)"
1370,15728,1731,1616,"(610, 3100)"
1380,15728,1376,1325,"(610, 3100)"
1360,15728,1282,1248,"(610, 3100)"
4040,16048,611,577,"(4000, 5000)"
4030,16048,547,517,"(4000, 5000)"
4050,16048,581,507,"(4000, 5000)"
4060,16068,1239,1178,"(4000, 5000)"
4050,16068,1062,1045,"(4000, 5000)"
4070,16068,960,887,"(4000, 5000)"
4070,16088,1346,1221,"(4000, 5000)"
4080,16088,1350,1193,"(4000, 5000)"
4090,16088,1077,1007,"(4000, 5000)"
4090,16108,1512,1357,"(4000, 5000)"
4100,16108,1431,1226,"(4000, 5000)"
4080,16108,1095,1081,"(4000, 5000)"
4120,16128,1541,1336,"(4000, 5000)"
4110,16128,1465,1272,"(4000, 5000)"
4100,16128,1118,1081,"(4000, 5000)"
4130,16148,1399,1370,"(4000, 5000)"
4140,16148,1536,1364,"(4000, 5000)"
4150,16148,1209,1165,"(4000, 5000)"
4160,16168,1568,1462,"(4000, 5000)"
4150,16168,1543,1413,"(4000, 5000)"
4170,16168,1178,1071,"(4000, 5000)"
4170,16188,1690,1524,"(4000, 5000)"
4160,16188,1318,1254,"(4000, 5000)"
4180,16188,1290,1156,"(4000, 5000)"
4180,16208,1662,1558,"(4000, 5000)"
4170,16208,1219,1193,"(4000, 5000)"
4190,16208,1283,1077,"(4000, 5000)"
4200,16228,1758,1637,"(4000, 5000)"
4190,16228,1328,1324,"(4000, 5000)"
4210,16228,1000,967,"(4000, 5000)"
4220,16248,1443,1420,"(4000, 5000)"
4210,16248,1524,1398,"(4000, 5000)"
4230,16248,960,917,"(4000, 5000)"
4230,16268,1771,1643,"(4000, 5000)"
4240,16268,1294,1249,"(4000, 5000)"
4220,16268,1069,1016,"(4000, 5000)"
4250,16288,1812,1710,"(4000, 5000)"
4240,16288,1201,1184,"(4000, 5000)"
4260,16288,1180,1137,"(4000, 5000)"
4270,16308,1643,1606,"(4000, 5000)"
4260,16308,1279,1221,"(4000, 5000)"
4280,16308,1050,936,"(4000, 5000)"
4290,16328,1494,1488,"(4000, 5000)"
4280,16328,1277,1234,"(4000, 5000)"
4270,16328,898,858,"(4000, 5000)"
4300,16348,1390,1298,"(4000, 5000)"
4310,16348,1354,1239,"(4000, 5000)"
4290,16348,960,931,"(4000, 5000)"
4320,16368,1580,1516,"(4000, 5000)"
4330,16368,1168,1038,"(4000, 5000)"
4310,16368,1025,886,"(4000, 5000)"
4340,16388,1678,1672,"(4000, 5000)"
4350,16388,1183,1124,"(4000, 5000)"
4330,16388,1083,1007,"(4000, 5000)"
4360,16408,1616,1543,"(4000, 5000)"
4370,16408,1337,1283,"(4000, 5000)"
4350,16408,1182,1098,"(4000, 5000)"
4390,16428,1649,1607,"(4000, 5000)"
4400,16428,1449,1333,"(4000, 5000)"
4380,16428,1341,1297,"(4000, 5000)"
4430,16448,1706,1581,"(4000, 5000)"
4440,16448,1571,1538,"(4000, 5000)"
4420,16448,1445,1360,"(4000, 5000)"
4470,16468,1479,1427,"(4000, 5000)"
4480,16468,1394,1343,"(4000, 5000)"
4460,16468,1338,1187,"(4000, 5000)"
4500,16488,1675,1510,"(4000, 5000)"
4510,16488,1431,1329,"(4000, 5000)"
4490,16488,1273,1022,"(4000, 5000)"
4530,16508,1492,1438,"(4000, 5000)"
4520,16508,1610,1433,"(4000, 5000)"
4510,16508,1145,991,"(4000, 5000)"
4540,16528,1601,1570,"(4000, 5000)"
4550,16528,1521,1462,"(4000, 5000)"
4530,16528,1376,1317,"(4000, 5000)"
4560,16548,1594,1481,"(4000, 5000)"
4570,16548,1554,1380,"(4000, 5000)"
4550,16548,1257,1148,"(4000, 5000)"
4590,16568,1714,1621,"(4000, 5000)"
4580,16568,1459,1458,"(4000, 5000)"
4570,16568,1128,1075,"(4000, 5000)"
4610,16588,1806,1764,"(4000, 5000)"
4620,16588,1452,1267,"(4000, 5000)"
4600,16588,1259,1181,"(4000, 5000)"
4640,16608,1866,1809,"(4000, 5000)"
4630,16608,1485,1480,"(4000, 5000)"
4650,16608,1415,1281,"(4000, 5000)"
4670,16628,1843,1624,"(4000, 5000)"
4680,16628,1465,1346,"(4000, 5000)"
4660,16628,1484,1326,"(4000, 5000)"
4700,16648,1715,1543,"(4000, 5000)"
4690,16648,1695,1502,"(4000, 5000)"
4680,16648,1375,1293,"(4000, 5000)"
4710,16668,1531,1456,"(4000, 5000)"
4720,16668,1638,1450,"(4000, 5000)"
4730,16668,1199,1165,"(4000, 5000)"
4740,16688,1673,1597,"(4000, 5000)"
4730,16688,1479,1459,"(4000, 5000)"
4750,16688,1161,1095,"(4000, 5000)"
4760,16708,1813,1765,"(4000, 5000)"
4770,16708,1343,1324,"(4000, 5000)"
4750,16708,1486,1264,"(4000, 5000)"
4780,16728,1852,1834,"(4000, 5000)"
4770,16728,1380,1375,"(4000, 5000)"
4790,16728,1467,1292,"(4000, 5000)"
4810,16748,1617,1577,"(4000, 5000)"
4800,16748,1708,1561,"(4000, 5000)"
4790,16748,1280,1252,"(4000, 5000)"
4830,16768,1748,1675,"(4000, 5000)"
4820,16768,1467,1396,"(4000, 5000)"
4810,16768,1154,1130,"(4000, 5000)"
4850,16788,1777,1602,"(4000, 5000)"
4840,16788,1351,1285,"(4000, 5000)"
4860,16788,1212,1143,"(4000, 5000)"
4870,16808,1846,1648,"(4000, 5000)"
4860,16808,1339,1326,"(4000, 5000)"
4880,16808,1282,1269,"(4000, 5000)"
4890,16828,1902,1668,"(4000, 5000)"
4880,16828,1328,1307,"(4000, 5000)"
4900,16828,1343,1280,"(4000, 5000)"
4910,16848,1753,1624,"(4000, 5000)"
4920,16848,1552,1478,"(4000, 5000)"
4900,16848,1268,1084,"(4000, 5000)"
4940,16868,1770,1729,"(4000, 5000)"
4930,16868,1641,1389,"(4000, 5000)"
4920,16868,1338,1325,"(4000, 5000)"
4960,16888,1747,1625,"(4000, 5000)"
4970,16888,1649,1547,"(4000, 5000)"
4980,16888,1476,1274,"(4000, 5000)"
4990,16908,1389,1215,"(4000, 5000)"
4980,16908,1140,953,"(4000, 5000)"
4970,16908,1009,938,"(4000, 5000)"
4990,16928,509,468,"(4000, 5000)"
4040,16928,434,381,"(4000, 5000)"
4030,16928,396,324,"(4000, 5000)"
4060,16948,1069,1055,"(4000, 5000)"
4050,16948,1007,940,"(4000, 5000)"
4070,16948,860,779,"(4000, 5000)"
4070,16968,1404,1349,"(4000, 5000)"
4080,16968,1375,1298,"(4000, 5000)"
4060,16968,1091,1044,"(4000, 5000)"
4090,16988,1448,1415,"(4000, 5000)"
4100,16988,1512,1413,"(4000, 5000)"
4110,16988,1063,954,"(4000, 5000)"
4120,17008,1820,1747,"(4000, 5000)"
4130,17008,1314,1210,"(4000, 5000)"
4110,17008,1249,1196,"(4000, 5000)"
4150,17028,1689,1632,"(4000, 5000)"
4140,17028,1346,1340,"(4000, 5000)"
4160,17028,1279,1232,"(4000, 5000)"
5200,17048,1189,1170,"(5200, 7000)"
5210,17048,881,831,"(5200, 7000)"
5220,17048,686,663,"(5200, 7000)"
5210,17068,1584,1581,"(5200, 7000)"
5220,17068,1321,1304,"(5200, 7000)"
5200,17068,1113,1063,"(5200, 7000)"
5240,17088,1782,1771,"(5200, 7000)"
5230,17088,1191,1126,"(5200, 7000)"
5250,17088,992,917,"(5200, 7000)"
5260,17108,1523,1496,"(5200, 7000)"
5270,17108,1234,1204,"(5200, 7000)"
5250,17108,947,893,"(5200, 7000)"
5290,17128,1524,1355,"(5200, 7000)"
5280,17128,1148,1087,"(5200, 7000)"
5300,17128,926,837,"(5200, 7000)"
5310,17148,1845,1840,"(5200, 7000)"
5300,17148,1046,980,"(5200, 7000)"
5320,17148,1002,932,"(5200, 7000)"
5330,17168,1497,1496,"(5200, 7000)"
5340,17168,1171,1137,"(5200, 7000)"
5320,17168,956,925,"(5200, 7000)"
5350,17188,1375,1336,"(5200, 7000)"
5360,17188,1358,1291,"(5200, 7000)"
5340,17188,919,849,"(5200, 7000)"
5380,17208,1453,1330,"(5200, 7000)"
5370,17208,1170,1071,"(5200, 7000)"
5390,17208,1020,1011,"(5200, 7000)"
5400,17228,1738,1689,"(5200, 7000)"
5390,17228,1188,1148,"(5200, 7000)"
5410,17228,1059,1000,"(5200, 7000)"
5420,17248,1720,1452,"(5200, 7000)"
5430,17248,1297,1140,"(5200, 7000)"
5410,17248,1182,1064,"(5200, 7000)"
5450,17268,1741,1722,"(5200, 7000)"
5440,17268,1330,1188,"(5200, 7000)"
5460,17268,1240,1159,"(5200, 7000)"
5480,17288,1688,1628,"(5200, 7000)"
5470,17288,1383,1305,"(5200, 7000)"
5460,17288,1137,1062,"(5200, 7000)"
5500,17308,1604,1574,"(5200, 7000)"
5510,17308,1532,1494,"(5200, 7000)"
5520,17308,1251,1247,"(5200, 7000)"
5530,17328,1827,1823,"(5200, 7000)"
5520,17328,1505,1394,"(5200, 7000)"
5540,17328,1414,1313,"(5200, 7000)"
5550,17348,1738,1504,"(5200, 7000)"
5560,17348,1451,1253,"(5200, 7000)"
5540,17348,1240,1191,"(5200, 7000)"
5580,17368,1542,1537,"(5200, 7000)"
5570,17368,1504,1453,"(5200, 7000)"
5560,17368,956,949,"(5200, 7000)"
5600,17388,1699,1540,"(5200, 7000)"
5590,17388,1321,1161,"(5200, 7000)"
5610,17388,1158,968,"(5200, 7000)"
5620,17408,1849,1736,"(5200, 7000)"
5610,17408,1277,1246,"(5200, 7000)"
5630,17408,1177,1103,"(5200, 7000)"
5640,17428,1840,1816,"(5200, 7000)"
5650,17428,1201,1182,"(5200, 7000)"
5630,17428,1187,1047,"(5200, 7000)"
5660,17448,1705,1530,"(5200, 7000)"
5670,17448,1212,1036,"(5200, 7000)"
5650,17448,1102,982,"(5200, 7000)"
5680,17468,1512,1482,"(5200, 7000)"
5690,17468,1235,1159,"(5200, 7000)"
5670,17468,929,864,"(5200, 7000)"
5710,17488,1338,1276,"(5200, 7000)"
5700,17488,1276,1240,"(5200, 7000)"
5720,17488,1046,855,"(5200, 7000)"
5730,17508,1668,1602,"(5200, 7000)"
5720,17508,1403,1203,"(5200, 7000)"
5740,17508,1087,1021,"(5200, 7000)"
5750,17528,1846,1748,"(5200, 7000)"
5740,17528,1266,1107,"(5200, 7000)"
5760,17528,1154,1010,"(5200, 7000)"
5770,17548,1777,1468,"(5200, 7000)"
5780,17548,1319,1147,"(5200, 7000)"
5760,17548,1185,1116,"(5200, 7000)"
5790,17568,1646,1583,"(5200, 7000)"
5800,17568,1481,1335,"(5200, 7000)"
5810,17568,1185,1059,"(5200, 7000)"
5820,17588,1750,1718,"(5200, 7000)"
5810,17588,1429,1407,"(5200, 7000)"
5830,17588,1325,1250,"(5200, 7000)"
5840,17608,1655,1576,"(5200, 7000)"
5850,17608,1541,1330,"(5200, 7000)"
5860,17608,1172,1118,"(5200, 7000)"
5870,17628,1784,1546,"(5200, 7000)"
5860,17628,1661,1518,"(5200, 7000)"
5880,17628,1413,1305,"(5200, 7000)"
5890,17648,1674,1564,"(5200, 7000)"
5900,17648,1509,1386,"(5200, 7000)"
5880,17648,1261,1157,"(5200, 7000)"
5920,17668,1730,1577,"(5200, 7000)"
5910,17668,1473,1278,"(5200, 7000)"
5930,17668,1206,1085,"(5200, 7000)"
5940,17688,1777,1740,"(5200, 7000)"
5930,17688,1400,1300,"(5200, 7000)"
5950,17688,1329,1227,"(5200, 7000)"
5960,17708,1787,1581,"(5200, 7000)"
5950,17708,1467,1340,"(5200, 7000)"
5970,17708,1327,1325,"(5200, 7000)"
5970,17728,1557,1548,"(5200, 7000)"
5980,17728,1514,1478,"(5200, 7000)"
5960,17728,1206,1143,"(5200, 7000)"
5990,17748,1741,1636,"(5200, 7000)"
6000,17748,1430,1300,"(5200, 7000)"
5980,17748,1205,1147,"(5200, 7000)"
6010,17768,1869,1616,"(5200, 7000)"
6020,17768,1500,1449,"(5200, 7000)"
6000,17768,1255,1209,"(5200, 7000)"
6030,17788,1655,1639,"(5200, 7000)"
6020,17788,1355,1342,"(5200, 7000)"
6040,17788,1465,1270,"(5200, 7000)"
6060,17808,1739,1639,"(5200, 7000)"
6080,17808,1569,1536,"(5200, 7000)"
6070,17808,1767,1485,"(5200, 7000)"
6110,17828,1690,1546,"(5200, 7000)"
6120,17828,1540,1304,"(5200, 7000)"
6100,17828,1337,1281,"(5200, 7000)"
6150,17848,1502,1424,"(5200, 7000)"
6140,17848,1496,1332,"(5200, 7000)"
6130,17848,1137,1117,"(5200, 7000)"
6170,17868,1700,1623,"(5200, 7000)"
6180,17868,1405,1390,"(5200, 7000)"
6160,17868,1182,1101,"(5200, 7000)"
6200,17888,1871,1681,"(5200, 7000)"
6210,17888,1350,1299,"(5200, 7000)"
6190,17888,1312,1209,"(5200, 7000)"
6240,17908,1547,1535,"(5200, 7000)"
6230,17908,1533,1325,"(5200, 7000)"
6250,17908,1231,1174,"(5200, 7000)"
6280,17928,1686,1559,"(5200, 7000)"
6290,17928,1637,1553,"(5200, 7000)"
6300,17928,1406,1379,"(5200, 7000)"
6370,17948,1822,1608,"(5200, 7000)"
6380,17948,1560,1421,"(5200, 7000)"
6360,17948,1566,1418,"(5200, 7000)"
6430,17968,1703,1486,"(5200, 7000)"
6420,17968,1495,1315,"(5200, 7000)"
6440,17968,1290,1271,"(5200, 7000)"
6460,17988,1620,1437,"(5200, 7000)"
6470,17988,1260,1234,"(5200, 7000)"
6450,17988,1134,1089,"(5200, 7000)"
6490,18008,1687,1483,"(5200, 7000)"
6480,18008,1100,1053,"(5200, 7000)"
6500,18008,1053,994,"(5200, 7000)"
6510,18028,1349,1213,"(5200, 7000)"
6520,18028,1295,1120,"(5200, 7000)"
6530,18028,939,861,"(5200, 7000)"
6540,18048,1557,1407,"(5200, 7000)"
6530,18048,1270,1114,"(5200, 7000)"
6550,18048,1055,953,"(5200, 7000)"
6560,18068,1578,1569,"(5200, 7000)"
6570,18068,1151,1097,"(5200, 7000)"
6550,18068,1193,989,"(5200, 7000)"
6580,18088,1839,1710,"(5200, 7000)"
6570,18088,1260,1190,"(5200, 7000)"
6600,18088,1045,1018,"(5200, 7000)"
6600,18108,1738,1655,"(5200, 7000)"
6610,18108,1367,1314,"(5200, 7000)"
6590,18108,1226,1165,"(5200, 7000)"
6620,18128,1527,1496,"(5200, 7000)"
6630,18128,1482,1458,"(5200, 7000)"
6640,18128,1275,1249,"(5200, 7000)"
6660,18148,1551,1511,"(5200, 7000)"
6650,18148,1412,1407,"(5200, 7000)"
6670,18148,980,814,"(5200, 7000)"
6680,18168,1729,1494,"(5200, 7000)"
6670,18168,1256,1146,"(5200, 7000)"
6690,18168,1234,1039,"(5200, 7000)"
6700,18188,1549,1480,"(5200, 7000)"
6710,18188,1415,1333,"(5200, 7000)"
6690,18188,1280,1243,"(5200, 7000)"
6720,18208,1394,1214,"(5200, 7000)"
6730,18208,1244,1130,"(5200, 7000)"
6710,18208,1089,1014,"(5200, 7000)"
6740,18228,1570,1428,"(5200, 7000)"
6750,18228,1397,1395,"(5200, 7000)"
6730,18228,1149,1144,"(5200, 7000)"
6760,18248,1604,1565,"(5200, 7000)"
6770,18248,1351,1275,"(5200, 7000)"
6750,18248,1092,1018,"(5200, 7000)"
6780,18268,1594,1589,"(5200, 7000)"
6790,18268,1317,1235,"(5200, 7000)"
6770,18268,1088,1051,"(5200, 7000)"
6800,18288,1590,1498,"(5200, 7000)"
6810,18288,1376,1352,"(5200, 7000)"
6790,18288,1113,1092,"(5200, 7000)"
6820,18308,1649,1609,"(5200, 7000)"
6830,18308,1325,1248,"(5200, 7000)"
6810,18308,1138,1061,"(5200, 7000)"
6840,18328,1613,1553,"(5200, 7000)"
6850,18328,1246,1224,"(5200, 7000)"
6830,18328,1038,960,"(5200, 7000)"
6860,18348,1594,1389,"(5200, 7000)"
6870,18348,1329,1322,"(5200, 7000)"
6850,18348,1061,964,"(5200, 7000)"
6880,18368,1562,1539,"(5200, 7000)"
6890,18368,1343,1317,"(5200, 7000)"
6870,18368,1101,1019,"(5200, 7000)"
6910,18388,1499,1455,"(5200, 7000)"
6900,18388,1488,1387,"(5200, 7000)"
6920,18388,1083,983,"(5200, 7000)"
6930,18408,1577,1425,"(5200, 7000)"
6920,18408,1441,1415,"(5200, 7000)"
6940,18408,1049,1002,"(5200, 7000)"
6950,18428,1836,1742,"(5200, 7000)"
6940,18428,1286,1200,"(5200, 7000)"
6960,18428,1198,1180,"(5200, 7000)"
6970,18448,1791,1717,"(5200, 7000)"
6980,18448,1211,1132,"(5200, 7000)"
6960,18448,1151,1076,"(5200, 7000)"
6990,18468,1612,1475,"(5200, 7000)"
6980,18468,1121,972,"(5200, 7000)"
6970,18468,864,812,"(5200, 7000)"
6990,18488,903,787,"(5200, 7000)"
6980,18488,772,710,"(5200, 7000)"
6970,18488,643,538,"(5200, 7000)"
6990,18508,774,703,"(5200, 7000)"
6980,18508,648,578,"(5200, 7000)"
6960,18508,526,459,"(5200, 7000)"
6990,18528,694,560,"(5200, 7000)"
6980,18528,609,519,"(5200, 7000)"
6970,18528,533,449,"(5200, 7000)"
9500,19448,1014,980,"(9500, 10950)"
9510,19448,842,754,"(9500, 10950)"
9520,19448,743,618,"(9500, 10950)"
9500,19468,1596,1549,"(9500, 10950)"
9510,19468,1011,909,"(9500, 10950)"
9520,19468,824,684,"(9500, 10950)"
9510,19488,1870,1700,"(9500, 10950)"
9520,19488,1250,1233,"(9500, 10950)"
9500,19488,1164,1078,"(9500, 10950)"
9530,19508,1715,1544,"(9500, 10950)"
9520,19508,1302,1288,"(9500, 10950)"
9540,19508,1070,1005,"(9500, 10950)"
9550,19528,1670,1625,"(9500, 10950)"
9540,19528,1327,1174,"(9500, 10950)"
9560,19528,1088,1012,"(9500, 10950)"
9570,19548,1699,1673,"(9500, 10950)"
9560,19548,1246,1111,"(9500, 10950)"
9550,19548,930,870,"(9500, 10950)"
9590,19568,1831,1641,"(9500, 10950)"
9580,19568,1130,1089,"(9500, 10950)"
9600,19568,1041,962,"(9500, 10950)"
9610,19588,1822,1689,"(9500, 10950)"
9620,19588,1153,1061,"(9500, 10950)"
9600,19588,1088,1019,"(9500, 10950)"
9630,19608,1530,1505,"(9500, 10950)"
9640,19608,1350,1260,"(9500, 10950)"
9620,19608,1072,939,"(9500, 10950)"
9660,19628,1559,1526,"(9500, 10950)"
9650,19628,1312,1253,"(9500, 10950)"
9670,19628,928,850,"(9500, 10950)"
9680,19648,1671,1572,"(9500, 10950)"
9690,19648,1122,1075,"(9500, 10950)"
9670,19648,985,964,"(9500, 10950)"
9710,19668,1716,1473,"(9500, 10950)"
9700,19668,1285,1219,"(9500, 10950)"
9690,19668,932,891,"(9500, 10950)"
9730,19688,1509,1499,"(9500, 10950)"
9740,19688,1317,1295,"(9500, 10950)"
9720,19688,950,864,"(9500, 10950)"
9760,19708,1705,1429,"(9500, 10950)"
9750,19708,1182,1074,"(9500, 10950)"
9770,19708,1034,881,"(9500, 10950)"
9780,19728,1707,1645,"(9500, 10950)"
9790,19728,1392,1259,"(9500, 10950)"
9770,19728,1117,1094,"(9500, 10950)"
9800,19748,1444,1406,"(9500, 10950)"
9810,19748,1607,1372,"(9500, 10950)"
9790,19748,1062,995,"(9500, 10950)"
9830,19768,1748,1679,"(9500, 10950)"
9820,19768,1343,1274,"(9500, 10950)"
9840,19768,1210,1129,"(9500, 10950)"
9850,19788,1524,1432,"(9500, 10950)"
9840,19788,1401,1351,"(9500, 10950)"
9860,19788,1266,1168,"(9500, 10950)"
9870,19808,1806,1652,"(9500, 10950)"
9860,19808,1490,1370,"(9500, 10950)"
9880,19808,1252,1137,"(9500, 10950)"
9890,19828,1814,1634,"(9500, 10950)"
9880,19828,1350,1344,"(9500, 10950)"
9900,19828,1236,1214,"(9500, 10950)"
9910,19848,1828,1827,"(9500, 10950)"
9900,19848,1191,1173,"(9500, 10950)"
9920,19848,1126,1098,"(9500, 10950)"
9930,19868,1804,1742,"(9500, 10950)"
9920,19868,1236,1200,"(9500, 10950)"
9940,19868,1183,1172,"(9500, 10950)"
9950,19888,1785,1768,"(9500, 10950)"
9940,19888,1378,1203,"(9500, 10950)"
9960,19888,1222,1057,"(9500, 10950)"
9970,19908,1701,1512,"(9500, 10950)"
9960,19908,1345,1283,"(9500, 10950)"
9980,19908,1090,1041,"(9500, 10950)"
9990,19928,1598,1592,"(9500, 10950)"
9980,19928,1301,1174,"(9500, 10950)"
10000,19928,1020,922,"(9500, 10950)"
10010,19948,1577,1432,"(9500, 10950)"
10000,19948,1289,1169,"(9500, 10950)"
10020,19948,983,953,"(9500, 10950)"
10030,19968,1514,1461,"(9500, 10950)"
10020,19968,1330,1227,"(9500, 10950)"
10040,19968,984,818,"(9500, 10950)"
10050,19988,1501,1498,"(9500, 10950)"
10040,19988,1306,1213,"(9500, 10950)"
10060,19988,997,952,"(9500, 10950)"
10070,20008,1468,1437,"(9500, 10950)"
10060,20008,1347,1317,"(9500, 10950)"
10080,20008,1068,1030,"(9500, 10950)"
10090,20028,1502,1286,"(9500, 10950)"
10080,20028,1495,1274,"(9500, 10950)"
10100,20028,1053,1040,"(9500, 10950)"
10100,20048,1575,1528,"(9500, 10950)"
10110,20048,1495,1316,"(9500, 10950)"
10120,20048,1160,1084,"(9500, 10950)"
10120,20068,1675,1667,"(9500, 10950)"
10130,20068,1546,1355,"(9500, 10950)"
10140,20068,1264,1196,"(9500, 10950)"
10140,20088,1575,1402,"(9500, 10950)"
10150,20088,1516,1388,"(9500, 10950)"
10130,20088,1207,1060,"(9500, 10950)"
10160,20108,1591,1504,"(9500, 10950)"
10170,20108,1343,1254,"(9500, 10950)"
10150,20108,901,735,"(9500, 10950)"
10180,20128,1825,1671,"(9500, 10950)"
10190,20128,1365,1317,"(9500, 10950)"
10170,20128,1004,836,"(9500, 10950)"
10200,20148,1926,1872,"(9500, 10950)"
10210,20148,1313,1143,"(9500, 10950)"
10190,20148,1256,1122,"(9500, 10950)"
10220,20168,1784,1689,"(9500, 10950)"
10210,20168,1358,1306,"(9500, 10950)"
10230,20168,1111,1077,"(9500, 10950)"
10240,20188,1633,1494,"(9500, 10950)"
10230,20188,1324,1240,"(9500, 10950)"
10250,20188,1048,923,"(9500, 10950)"
10260,20208,1512,1325,"(9500, 10950)"
10250,20208,1334,1162,"(9500, 10950)"
10270,20208,936,877,"(9500, 10950)"
10280,20228,1423,1353,"(9500, 10950)"
10270,20228,1345,1243,"(9500, 10950)"
10290,20228,885,827,"(9500, 10950)"
10290,20248,1367,1349,"(9500, 10950)"
10300,20248,1305,1174,"(9500, 10950)"
10310,20248,930,903,"(9500, 10950)"
10310,20268,1503,1499,"(9500, 10950)"
10320,20268,1319,1177,"(9500, 10950)"
10300,20268,972,923,"(9500, 10950)"
10330,20288,1520,1405,"(9500, 10950)"
10340,20288,1198,1067,"(9500, 10950)"
10320,20288,926,898,"(9500, 10950)"
10350,20308,1592,1566,"(9500, 10950)"
10360,20308,1202,1194,"(9500, 10950)"
10340,20308,919,766,"(9500, 10950)"
10370,20328,1632,1595,"(9500, 10950)"
10380,20328,1248,1143,"(9500, 10950)"
10360,20328,958,881,"(9500, 10950)"
10390,20348,1656,1525,"(9500, 10950)"
10400,20348,1221,1177,"(9500, 10950)"
10380,20348,1007,921,"(9500, 10950)"
10410,20368,1638,1526,"(9500, 10950)"
10420,20368,1270,1231,"(9500, 10950)"
10400,20368,1026,982,"(9500, 10950)"
10430,20388,1589,1578,"(9500, 10950)"
10440,20388,1387,1191,"(9500, 10950)"
10450,20388,1068,1017,"(9500, 10950)"
10450,20408,1675,1660,"(9500, 10950)"
10460,20408,1589,1529,"(9500, 10950)"
10440,20408,1246,1109,"(9500, 10950)"
10480,20428,1753,1749,"(9500, 10950)"
10470,20428,1681,1639,"(9500, 10950)"
10490,20428,1480,1377,"(9500, 10950)"
10500,20448,1758,1660,"(9500, 10950)"
10510,20448,1640,1595,"(9500, 10950)"
10520,20448,1486,1466,"(9500, 10950)"
10530,20468,1524,1473,"(9500, 10950)"
10540,20468,1622,1342,"(9500, 10950)"
10550,20468,1287,1213,"(9500, 10950)"
10550,20488,1592,1450,"(9500, 10950)"
10560,20488,1585,1371,"(9500, 10950)"
10570,20488,1058,992,"(9500, 10950)"
10570,20508,1558,1433,"(9500, 10950)"
10580,20508,1488,1423,"(9500, 10950)"
10560,20508,1049,1035,"(9500, 10950)"
10600,20528,1526,1392,"(9500, 10950)"
10590,20528,1299,1091,"(9500, 10950)"
10610,20528,1100,1044,"(9500, 10950)"
10620,20548,1650,1504,"(9500, 10950)"
10610,20548,1263,1186,"(9500, 10950)"
10630,20548,1220,1183,"(9500, 10950)"
10640,20568,1701,1628,"(9500, 10950)"
10650,20568,1431,1396,"(9500, 10950)"
10630,20568,1308,1300,"(9500, 10950)"
10670,20588,1774,1697,"(9500, 10950)"
10680,20588,1396,1370,"(9500, 10950)"
10660,20588,1420,1355,"(9500, 10950)"
10710,20608,1431,1424,"(9500, 10950)"
10700,20608,1629,1421,"(9500, 10950)"
10690,20608,1394,1226,"(9500, 10950)"
10740,20628,1464,1413,"(9500, 10950)"
10730,20628,1403,1314,"(9500, 10950)"
10750,20628,1275,1230,"(9500, 10950)"
10770,20648,1545,1472,"(9500, 10950)"
10760,20648,1554,1423,"(9500, 10950)"
10750,20648,1236,1193,"(9500, 10950)"
10790,20668,1692,1657,"(9500, 10950)"
10800,20668,1346,1322,"(9500, 10950)"
10780,20668,1263,1214,"(9500, 10950)"
10810,20688,1484,1470,"(9500, 10950)"
10820,20688,1405,1189,"(9500, 10950)"
10800,20688,1214,1175,"(9500, 10950)"
10840,20708,1673,1623,"(9500, 10950)"
10830,20708,1435,1425,"(9500, 10950)"
10850,20708,1327,1085,"(9500, 10950)"
10860,20728,1527,1369,"(9500, 10950)"
10870,20728,1447,1292,"(9500, 10950)"
10850,20728,1267,1251,"(9500, 10950)"
1030,21048,337,293,"(610, 3100)"
1040,21048,351,292,"(610, 3100)"
1020,21048,315,290,"(610, 3100)"
1010,21068,811,783,"(610, 3100)"
1020,21068,818,738,"(610, 3100)"
1030,21068,798,724,"(610, 3100)"
1020,21088,1413,1298,"(610, 3100)"
1030,21088,1202,1195,"(610, 3100)"
1010,21088,1157,1034,"(610, 3100)"
1040,21108,1694,1658,"(610, 3100)"
1030,21108,1437,1419,"(610, 3100)"
1050,21108,1185,1140,"(610, 3100)"
1060,21128,1646,1614,"(610, 3100)"
1050,21128,1496,1415,"(610, 3100)"
1070,21128,1145,1086,"(610, 3100)"
1070,21148,1534,1447,"(610, 3100)"
1080,21148,1499,1389,"(610, 3100)"
1090,21148,1028,996,"(610, 3100)"
1100,21168,1460,1418,"(610, 3100)"
1090,21168,1670,1367,"(610, 3100)"
1080,21168,1126,1013,"(610, 3100)"
1110,21188,1671,1554,"(610, 3100)"
1120,21188,1502,1433,"(610, 3100)"
1100,21188,1204,1099,"(610, 3100)"
1130,21208,1525,1419,"(610, 3100)"
1140,21208,1465,1341,"(610, 3100)"
1150,21208,1044,1017,"(610, 3100)"
1160,21228,1604,1567,"(610, 3100)"
1150,21228,1509,1346,"(610, 3100)"
1170,21228,1078,933,"(610, 3100)"
1180,21248,1707,1586,"(610, 3100)"
1170,21248,1382,1102,"(610, 3100)"
1190,21248,1063,1008,"(610, 3100)"
1200,21268,1534,1275,"(610, 3100)"
1210,21268,1340,1271,"(610, 3100)"
1190,21268,998,955,"(610, 3100)"
1220,21288,1362,1255,"(610, 3100)"
1230,21288,1604,1243,"(610, 3100)"
1240,21288,1071,1043,"(610, 3100)"
1250,21308,1664,1596,"(610, 3100)"
1260,21308,1147,1135,"(610, 3100)"
1240,21308,1129,1123,"(610, 3100)"
1270,21328,1359,1328,"(610, 3100)"
1280,21328,1296,1222,"(610, 3100)"
1290,21328,978,918,"(610, 3100)"
1300,21348,1483,1414,"(610, 3100)"
1290,21348,1227,1078,"(610, 3100)"
1310,21348,1044,1008,"(610, 3100)"
1320,21368,1610,1456,"(610, 3100)"
1330,21368,1220,1154,"(610, 3100)"
1310,21368,1119,1007,"(610, 3100)"
1340,21388,1724,1440,"(610, 3100)"
1350,21388,1323,1274,"(610, 3100)"
1360,21388,1108,1088,"(610, 3100)"
1360,21408,1703,1628,"(610, 3100)"
1370,21408,1513,1506,"(610, 3100)"
1350,21408,1238,1103,"(610, 3100)"
1390,21428,1733,1483,"(610, 3100)"
1380,21428,1442,1412,"(610, 3100)"
1400,21428,1143,1058,"(610, 3100)"
4780,21448,371,323,"(4000, 5000)"
4790,21448,305,296,"(4000, 5000)"
4770,21448,317,258,"(4000, 5000)"
1410,21448,1777,1660,"(610, 3100)"
1420,21448,1549,1421,"(610, 3100)"
1400,21448,1193,1080,"(610, 3100)"
4770,21468,1073,1010,"(4000, 5000)"
4780,21468,1056,939,"(4000, 5000)"
4790,21468,845,758,"(4000, 5000)"
1440,21468,1804,1705,"(610, 3100)"
1450,21468,1526,1428,"(610, 3100)"
1430,21468,1338,1326,"(610, 3100)"
4790,21488,1649,1354,"(4000, 5000)"
4800,21488,1347,1207,"(4000, 5000)"
4780,21488,1337,1137,"(4000, 5000)"
1470,21488,1861,1860,"(610, 3100)"
1460,21488,1450,1427,"(610, 3100)"
1480,21488,1413,1237,"(610, 3100)"
4820,21508,1552,1534,"(4000, 5000)"
4810,21508,1751,1385,"(4000, 5000)"
4800,21508,1316,1230,"(4000, 5000)"
1490,21508,1627,1534,"(610, 3100)"
1500,21508,1859,1486,"(610, 3100)"
1510,21508,1506,1367,"(610, 3100)"
4840,21528,1607,1558,"(4000, 5000)"
4830,21528,1499,1493,"(4000, 5000)"
4820,21528,1198,1188,"(4000, 5000)"
1540,21528,1780,1688,"(610, 3100)"
1530,21528,1748,1664,"(610, 3100)"
1550,21528,1492,1458,"(610, 3100)"
4860,21548,1696,1688,"(4000, 5000)"
4850,21548,1453,1424,"(4000, 5000)"
4870,21548,1219,1103,"(4000, 5000)"
1580,21548,1537,1510,"(610, 3100)"
1590,21548,1668,1486,"(610, 3100)"
1600,21548,1382,1331,"(610, 3100)"
4880,21568,1708,1443,"(4000, 5000)"
4870,21568,1414,1328,"(4000, 5000)"
4890,21568,1228,1171,"(4000, 5000)"
1620,21568,1470,1321,"(610, 3100)"
1630,21568,1431,1306,"(610, 3100)"
1640,21568,1197,1160,"(610, 3100)"
4900,21588,1643,1547,"(4000, 5000)"
4890,21588,1440,1345,"(4000, 5000)"
4910,21588,1229,1037,"(4000, 5000)"
1650,21588,1782,1481,"(610, 3100)"
1660,21588,1395,1232,"(610, 3100)"
1640,21588,1339,1217,"(610, 3100)"
4920,21608,1699,1596,"(4000, 5000)"
4910,21608,1589,1506,"(4000, 5000)"
4930,21608,1310,1191,"(4000, 5000)"
1670,21608,1738,1651,"(610, 3100)"
1680,21608,1597,1348,"(610, 3100)"
1690,21608,1300,1234,"(610, 3100)"
4940,21628,1728,1544,"(4000, 5000)"
4930,21628,1668,1542,"(4000, 5000)"
4920,21628,1302,1203,"(4000, 5000)"
1690,21628,1625,1558,"(610, 3100)"
1700,21628,1717,1546,"(610, 3100)"
1710,21628,1456,1364,"(610, 3100)"
1730,21648,1673,1500,"(610, 3100)"
1720,21648,1752,1493,"(610, 3100)"
1710,21648,1473,1415,"(610, 3100)"
1750,21668,1845,1563,"(610, 3100)"
1760,21668,1607,1518,"(610, 3100)"
1740,21668,1474,1296,"(610, 3100)"
1780,21688,1752,1647,"(610, 3100)"
1790,21688,1593,1576,"(610, 3100)"
1770,21688,1441,1299,"(610, 3100)"
1820,21708,1635,1567,"(610, 3100)"
1830,21708,1711,1530,"(610, 3100)"
1840,21708,1664,1502,"(610, 3100)"
1890,21728,1709,1554,"(610, 3100)"
1880,21728,1639,1417,"(610, 3100)"
1900,21728,1606,1393,"(610, 3100)"
1930,21748,1851,1648,"(610, 3100)"
1920,21748,1555,1413,"(610, 3100)"
1940,21748,1418,1350,"(610, 3100)"
1950,21768,1649,1621,"(610, 3100)"
1960,21768,1602,1323,"(610, 3100)"
1940,21768,1289,1269,"(610, 3100)"
1980,21788,1898,1745,"(610, 3100)"
1970,21788,1433,1406,"(610, 3100)"
1990,21788,1280,1129,"(610, 3100)"
2000,21808,1660,1579,"(610, 3100)"
2010,21808,1540,1499,"(610, 3100)"
2020,21808,1185,1145,"(610, 3100)"
2040,21828,1450,1449,"(610, 3100)"
2030,21828,1475,1393,"(610, 3100)"
2050,21828,1261,1197,"(610, 3100)"
2080,21848,1802,1750,"(610, 3100)"
2070,21848,1463,1412,"(610, 3100)"
2090,21848,1425,1281,"(610, 3100)"
2120,21868,1545,1384,"(610, 3100)"
2110,21868,1469,1375,"(610, 3100)"
2100,21868,1255,1214,"(610, 3100)"
2150,21888,1535,1407,"(610, 3100)"
2140,21888,1373,1235,"(610, 3100)"
2160,21888,1252,1184,"(610, 3100)"
2170,21908,1843,1599,"(610, 3100)"
2160,21908,1362,1305,"(610, 3100)"
2180,21908,1243,1190,"(610, 3100)"
2190,21928,1719,1630,"(610, 3100)"
2180,21928,1381,1317,"(610, 3100)"
2200,21928,1138,1091,"(610, 3100)"
2200,21948,1649,1390,"(610, 3100)"
2210,21948,1397,1255,"(610, 3100)"
2190,21948,1111,1062,"(610, 3100)"
2220,21968,1601,1594,"(610, 3100)"
2210,21968,1386,1346,"(610, 3100)"
2200,21968,1056,1037,"(610, 3100)"
2230,21988,1806,1725,"(610, 3100)"
2220,21988,1240,1167,"(610, 3100)"
2240,21988,1239,1097,"(610, 3100)"
2240,22008,1562,1559,"(610, 3100)"
2250,22008,1457,1325,"(610, 3100)"
2230,22008,1035,984,"(610, 3100)"
2260,22028,1703,1498,"(610, 3100)"
2250,22028,1272,1214,"(610, 3100)"
2270,22028,1081,1054,"(610, 3100)"
2270,22048,1568,1339,"(610, 3100)"
2280,22048,1314,1298,"(610, 3100)"
2260,22048,1061,978,"(610, 3100)"
2290,22068,1706,1679,"(610, 3100)"
2280,22068,1247,1216,"(610, 3100)"
2300,22068,1131,1049,"(610, 3100)"
2300,22088,1513,1465,"(610, 3100)"
2310,22088,1465,1392,"(610, 3100)"
2290,22088,1015,957,"(610, 3100)"
2320,22108,1927,1775,"(610, 3100)"
2330,22108,1277,1269,"(610, 3100)"
2310,22108,1203,1040,"(610, 3100)"
2340,22128,1626,1542,"(610, 3100)"
2330,22128,1396,1355,"(610, 3100)"
2350,22128,978,900,"(610, 3100)"
2360,22148,1463,1448,"(610, 3100)"
2350,22148,1539,1441,"(610, 3100)"
2370,22148,1065,1012,"(610, 3100)"
2370,22168,1811,1709,"(610, 3100)"
2360,22168,1199,1168,"(610, 3100)"
2380,22168,1353,1165,"(610, 3100)"
2390,22188,1886,1629,"(610, 3100)"
2400,22188,1439,1360,"(610, 3100)"
2380,22188,1306,1047,"(610, 3100)"
2410,22208,1754,1470,"(610, 3100)"
2420,22208,1510,1373,"(610, 3100)"
2400,22208,1209,1186,"(610, 3100)"
2430,22228,1699,1420,"(610, 3100)"
2440,22228,1520,1419,"(610, 3100)"
2420,22228,1111,1076,"(610, 3100)"
2450,22248,1465,1423,"(610, 3100)"
2460,22248,1491,1322,"(610, 3100)"
2440,22248,938,819,"(610, 3100)"
2470,22268,1617,1513,"(610, 3100)"
2480,22268,1583,1383,"(610, 3100)"
2460,22268,1024,869,"(610, 3100)"
2490,22288,1634,1358,"(610, 3100)"
2500,22288,1298,1228,"(610, 3100)"
2480,22288,1247,1070,"(610, 3100)"
2510,22308,1788,1540,"(610, 3100)"
2500,22308,1196,1126,"(610, 3100)"
2520,22308,1174,1085,"(610, 3100)"
2530,22328,1720,1591,"(610, 3100)"
2520,22328,1255,1200,"(610, 3100)"
2540,22328,1116,1091,"(610, 3100)"
2550,22348,1548,1392,"(610, 3100)"
2540,22348,1481,1279,"(610, 3100)"
2560,22348,1041,953,"(610, 3100)"
2560,22368,1700,1609,"(610, 3100)"
2570,22368,1413,1355,"(610, 3100)"
2550,22368,1087,1059,"(610, 3100)"
2580,22388,1762,1583,"(610, 3100)"
2570,22388,1226,1154,"(610, 3100)"
2590,22388,1248,1139,"(610, 3100)"
2600,22408,1713,1626,"(610, 3100)"
2610,22408,1292,1200,"(610, 3100)"
2590,22408,1207,1092,"(610, 3100)"
2620,22428,1701,1526,"(610, 3100)"
2630,22428,1348,1185,"(610, 3100)"
2610,22428,1165,1142,"(610, 3100)"
2640,22448,1730,1488,"(610, 3100)"
2650,22448,1471,1436,"(610, 3100)"
2630,22448,1204,1105,"(610, 3100)"
2660,22468,1621,1554,"(610, 3100)"
2670,22468,1563,1355,"(610, 3100)"
2680,22468,1158,1058,"(610, 3100)"
2690,22488,1715,1693,"(610, 3100)"
2680,22488,1532,1505,"(610, 3100)"
2700,22488,1303,1142,"(610, 3100)"
2710,22508,1903,1858,"(610, 3100)"
2720,22508,1555,1409,"(610, 3100)"
2700,22508,1473,1359,"(610, 3100)"
2740,22528,1916,1767,"(610, 3100)"
2730,22528,1654,1614,"(610, 3100)"
2750,22528,1511,1502,"(610, 3100)"
2770,22548,1654,1641,"(610, 3100)"
2760,22548,1644,1600,"(610, 3100)"
2750,22548,1354,1337,"(610, 3100)"
2790,22568,1741,1629,"(610, 3100)"
2780,22568,1280,1142,"(610, 3100)"
2800,22568,1337,1140,"(610, 3100)"
2810,22588,1604,1577,"(610, 3100)"
2820,22588,1582,1513,"(610, 3100)"
2830,22588,1007,931,"(610, 3100)"
2840,22608,1559,1495,"(610, 3100)"
2830,22608,1451,1259,"(610, 3100)"
2850,22608,1201,1087,"(610, 3100)"
2850,22628,1592,1582,"(610, 3100)"
2860,22628,1560,1353,"(610, 3100)"
2840,22628,1245,1199,"(610, 3100)"
2880,22648,1597,1579,"(610, 3100)"
2870,22648,1523,1446,"(610, 3100)"
2860,22648,1158,1105,"(610, 3100)"
2900,22668,1828,1793,"(610, 3100)"
2910,22668,1470,1422,"(610, 3100)"
2890,22668,1421,1275,"(610, 3100)"
2930,22688,1793,1786,"(610, 3100)"
2920,22688,1375,1321,"(610, 3100)"
2940,22688,1342,1257,"(610, 3100)"
2960,22708,1531,1462,"(610, 3100)"
2950,22708,1494,1430,"(610, 3100)"
2940,22708,1181,1160,"(610, 3100)"
2980,22728,1758,1702,"(610, 3100)"
2990,22728,1259,1243,"(610, 3100)"
2970,22728,1239,1145,"(610, 3100)"
3000,22748,1553,1545,"(610, 3100)"
3010,22748,1503,1373,"(610, 3100)"
2990,22748,1178,1134,"(610, 3100)"
3030,22768,1688,1556,"(610, 3100)"
3020,22768,1420,1386,"(610, 3100)"
3040,22768,1225,1203,"(610, 3100)"
3050,22788,1706,1478,"(610, 3100)"
3060,22788,1379,1214,"(610, 3100)"
3040,22788,1192,1056,"(610, 3100)"
3080,22808,1632,1445,"(610, 3100)"
3070,22808,1373,1370,"(610, 3100)"
3090,22808,1310,1282,"(610, 3100)"
3090,22828,1149,1036,"(610, 3100)"
3080,22828,961,816,"(610, 3100)"
3070,22828,822,760,"(610, 3100)"
650,22848,1307,1211,"(610, 3100)"
640,22848,1280,1199,"(610, 3100)"
660,22848,1074,960,"(610, 3100)"
670,22868,1455,1310,"(610, 3100)"
680,22868,1308,1177,"(610, 3100)"
690,22868,1028,1016,"(610, 3100)"
700,22888,1574,1564,"(610, 3100)"
710,22888,1180,1122,"(610, 3100)"
690,22888,1145,1099,"(610, 3100)"
720,22908,1321,1294,"(610, 3100)"
730,22908,1418,1291,"(610, 3100)"
740,22908,1016,917,"(610, 3100)"
750,22928,1612,1582,"(610, 3100)"
740,22928,1169,1100,"(610, 3100)"
760,22928,1121,1065,"(610, 3100)"
770,22948,1728,1698,"(610, 3100)"
760,22948,1127,1003,"(610, 3100)"
780,22948,1132,944,"(610, 3100)"
790,22968,1656,1610,"(610, 3100)"
800,22968,1195,1156,"(610, 3100)"
780,22968,1083,986,"(610, 3100)"
810,22988,1589,1470,"(610, 3100)"
820,22988,1236,1163,"(610, 3100)"
800,22988,1116,1023,"(610, 3100)"
830,23008,1587,1508,"(610, 3100)"
840,23008,1302,1292,"(610, 3100)"
820,23008,1041,1038,"(610, 3100)"
850,23028,1603,1546,"(610, 3100)"
860,23028,1312,1170,"(610, 3100)"
870,23028,1093,1081,"(610, 3100)"
870,23048,1703,1621,"(610, 3100)"
880,23048,1403,1360,"(610, 3100)"
860,23048,1255,1168,"(610, 3100)"
8360,23048,503,396,"(8000, 8700)"
8370,23048,452,389,"(8000, 8700)"
8380,23048,447,379,"(8000, 8700)"
890,23068,1793,1603,"(610, 3100)"
900,23068,1402,1331,"(610, 3100)"
880,23068,1345,1270,"(610, 3100)"
8360,23068,560,467,"(8000, 8700)"
8350,23068,515,442,"(8000, 8700)"
8370,23068,517,397,"(8000, 8700)"
910,23088,1855,1718,"(610, 3100)"
900,23088,1450,1426,"(610, 3100)"
920,23088,1378,1339,"(610, 3100)"
8360,23088,568,509,"(8000, 8700)"
8350,23088,557,495,"(8000, 8700)"
8370,23088,541,466,"(8000, 8700)"
920,23108,1394,1342,"(610, 3100)"
930,23108,1532,1293,"(610, 3100)"
910,23108,1265,1174,"(610, 3100)"
8360,23108,603,559,"(8000, 8700)"
8370,23108,578,451,"(8000, 8700)"
8340,23108,522,449,"(8000, 8700)"
940,23128,1370,1268,"(610, 3100)"
930,23128,1291,1263,"(610, 3100)"
950,23128,1432,1254,"(610, 3100)"
8360,23128,676,544,"(8000, 8700)"
8370,23128,636,540,"(8000, 8700)"
8350,23128,602,527,"(8000, 8700)"
960,23148,1406,1198,"(610, 3100)"
950,23148,1230,1189,"(610, 3100)"
970,23148,1425,1178,"(610, 3100)"
8340,23148,792,698,"(8000, 8700)"
8350,23148,713,608,"(8000, 8700)"
8330,23148,667,561,"(8000, 8700)"
980,23168,1455,1419,"(610, 3100)"
990,23168,1443,1341,"(610, 3100)"
970,23168,1246,1204,"(610, 3100)"
8330,23168,1009,992,"(8000, 8700)"
8320,23168,944,928,"(8000, 8700)"
8310,23168,789,723,"(8000, 8700)"
980,23188,916,898,"(610, 3100)"
970,23188,872,845,"(610, 3100)"
960,23188,806,731,"(610, 3100)"
8330,23188,1386,1304,"(8000, 8700)"
8320,23188,1091,1056,"(8000, 8700)"
8340,23188,1129,964,"(8000, 8700)"
8340,23208,1502,1390,"(8000, 8700)"
8350,23208,1387,1272,"(8000, 8700)"
8360,23208,1015,910,"(8000, 8700)"
8360,23228,1494,1239,"(8000, 8700)"
8370,23228,1274,1236,"(8000, 8700)"
8350,23228,1064,1052,"(8000, 8700)"
8380,23248,1562,1527,"(8000, 8700)"
8390,23248,1184,1177,"(8000, 8700)"
8370,23248,1094,1086,"(8000, 8700)"
8400,23268,1737,1587,"(8000, 8700)"
8410,23268,1060,1016,"(8000, 8700)"
8390,23268,1121,973,"(8000, 8700)"
8420,23288,1440,1349,"(8000, 8700)"
8410,23288,1188,1120,"(8000, 8700)"
8400,23288,926,895,"(8000, 8700)"
8430,23308,1308,1222,"(8000, 8700)"
8440,23308,1305,1167,"(8000, 8700)"
8450,23308,919,829,"(8000, 8700)"
8450,23328,1480,1370,"(8000, 8700)"
8460,23328,1216,1143,"(8000, 8700)"
8440,23328,1006,970,"(8000, 8700)"
8470,23348,1554,1448,"(8000, 8700)"
8480,23348,1217,1195,"(8000, 8700)"
8460,23348,1021,996,"(8000, 8700)"
8490,23368,1627,1621,"(8000, 8700)"
8500,23368,1184,1131,"(8000, 8700)"
8480,23368,1043,1032,"(8000, 8700)"
8510,23388,1684,1598,"(8000, 8700)"
8520,23388,1231,1229,"(8000, 8700)"
8500,23388,1058,951,"(8000, 8700)"
8530,23408,1710,1467,"(8000, 8700)"
8540,23408,1308,1307,"(8000, 8700)"
8550,23408,1082,977,"(8000, 8700)"
8550,23428,1722,1577,"(8000, 8700)"
8560,23428,1481,1459,"(8000, 8700)"
8540,23428,1260,1211,"(8000, 8700)"
8580,23448,1569,1565,"(8000, 8700)"
8570,23448,1718,1487,"(8000, 8700)"
8560,23448,1360,1293,"(8000, 8700)"
8600,23468,1619,1530,"(8000, 8700)"
8610,23468,1382,1369,"(8000, 8700)"
8590,23468,1512,1359,"(8000, 8700)"
8630,23488,1455,1417,"(8000, 8700)"
8620,23488,1664,1377,"(8000, 8700)"
8610,23488,1298,1283,"(8000, 8700)"
8650,23508,1660,1513,"(8000, 8700)"
8640,23508,1514,1356,"(8000, 8700)"
8660,23508,1179,1036,"(8000, 8700)"
8670,23528,1704,1534,"(8000, 8700)"
8680,23528,1383,1364,"(8000, 8700)"
8660,23528,1249,1074,"(8000, 8700)"
8690,23548,1506,1392,"(8000, 8700)"
8680,23548,909,840,"(8000, 8700)"
8670,23548,504,485,"(8000, 8700)"
8010,23568,944,843,"(8000, 8700)"
8000,23568,794,766,"(8000, 8700)"
8020,23568,843,745,"(8000, 8700)"
8030,23588,1263,1191,"(8000, 8700)"
8020,23588,1303,1131,"(8000, 8700)"
8040,23588,949,901,"(8000, 8700)"
8040,23608,1443,1376,"(8000, 8700)"
8030,23608,1233,1147,"(8000, 8700)"
8050,23608,1092,1045,"(8000, 8700)"
8050,23628,1691,1586,"(8000, 8700)"
8040,23628,1266,1240,"(8000, 8700)"
8060,23628,1167,999,"(8000, 8700)"
8050,23648,1315,1308,"(8000, 8700)"
8060,23648,1577,1296,"(8000, 8700)"
8070,23648,1138,1031,"(8000, 8700)"
8060,23668,1548,1338,"(8000, 8700)"
8070,23668,1338,1167,"(8000, 8700)"
8050,23668,1123,933,"(8000, 8700)"
8070,23688,1534,1460,"(8000, 8700)"
8060,23688,1344,1191,"(8000, 8700)"
8080,23688,1078,953,"(8000, 8700)"
8070,23708,1620,1422,"(8000, 8700)"
8060,23708,1269,1252,"(8000, 8700)"
8080,23708,1106,1077,"(8000, 8700)"
