anchor_idx,query_idx,num_matches,num_inliers
610,11300,112,70
610,11320,156,100
610,11340,142,96
610,11360,141,94
610,11380,132,86
610,11400,119,62
610,11420,138,77
610,11440,242,152
610,11460,420,299
610,11480,112,38
620,11300,172,108
620,11320,188,130
620,11340,200,144
620,11360,227,172
620,11380,228,129
620,11400,234,134
620,11420,304,148
620,11440,236,99
620,11460,350,139
620,11480,100,47
630,11300,151,70
630,11320,185,111
630,11340,238,118
630,11360,292,194
630,11380,334,191
630,11400,308,161
630,11420,305,144
630,11440,291,137
630,11460,263,57
630,11480,128,56
640,11300,250,126
640,11320,233,109
640,11340,282,169
640,11360,403,232
640,11380,390,208
640,11400,367,196
640,11420,608,339
640,11440,236,65
640,11460,168,36
640,11480,118,37
650,11300,233,116
650,11320,281,133
650,11340,320,171
650,11360,390,192
650,11380,372,168
650,11400,286,134
650,11420,417,224
650,11440,210,61
650,11460,114,32
650,11480,111,26
660,11300,236,84
660,11320,291,129
660,11340,320,177
660,11360,448,231
660,11380,428,195
660,11400,315,121
660,11420,199,70
660,11440,233,57
660,11460,113,34
660,11480,105,36
670,11300,139,39
670,11320,260,111
670,11340,374,199
670,11360,492,266
670,11380,442,234
670,11400,370,140
670,11420,357,103
670,11440,200,57
670,11460,134,41
670,11480,125,39
680,11300,200,64
680,11320,313,168
680,11340,372,203
680,11360,525,301
680,11380,537,289
680,11400,616,329
680,11420,575,346
680,11440,264,66
680,11460,134,43
680,11480,98,30
690,11300,305,59
690,11320,393,194
690,11340,477,277
690,11360,621,343
690,11380,659,424
690,11400,599,383
690,11420,497,401
690,11440,296,84
690,11460,148,47
690,11480,142,47
700,11300,418,241
700,11320,475,278
700,11340,551,316
700,11360,577,331
700,11380,678,465
700,11400,668,437
700,11420,255,86
700,11440,245,82
700,11460,248,74
700,11480,67,20
710,11300,408,234
710,11320,471,242
710,11340,567,355
710,11360,631,404
710,11380,669,442
710,11400,520,359
710,11420,358,171
710,11440,169,49
710,11460,297,132
710,11480,31,15
720,11300,441,261
720,11320,500,310
720,11340,597,361
720,11360,649,422
720,11380,679,469
720,11400,402,99
720,11420,227,43
720,11440,94,26
720,11460,132,40
720,11480,34,14
730,11300,610,350
730,11320,661,381
730,11340,686,405
730,11360,743,505
730,11380,581,315
730,11400,256,75
730,11420,203,47
730,11440,130,39
730,11460,111,25
730,11480,36,16
740,11300,490,268
740,11320,564,324
740,11340,669,413
740,11360,648,492
740,11380,506,162
740,11400,240,77
740,11420,159,47
740,11440,145,38
740,11460,122,30
740,11480,87,20
750,11300,492,260
750,11320,597,334
750,11340,701,434
750,11360,676,467
750,11380,213,71
750,11400,160,27
750,11420,84,28
750,11440,133,25
750,11460,128,22
750,11480,74,22
760,11300,527,305
760,11320,598,340
760,11340,690,460
760,11360,536,424
760,11380,209,60
760,11400,203,51
760,11420,66,25
760,11440,69,17
760,11460,49,19
760,11480,25,13
770,11300,455,291
770,11320,498,332
770,11340,596,430
770,11360,331,250
770,11380,196,66
770,11400,115,38
770,11420,105,37
770,11440,85,23
770,11460,34,16
770,11480,9,7
780,11300,523,284
780,11320,614,455
780,11340,509,416
780,11360,208,48
780,11380,180,44
780,11400,145,33
780,11420,80,21
780,11440,92,39
780,11460,44,16
780,11480,47,13
790,11300,587,377
790,11320,599,469
790,11340,338,289
790,11360,198,62
790,11380,174,44
790,11400,135,36
790,11420,98,30
790,11440,78,25
790,11460,86,18
790,11480,48,18
800,11300,599,406
800,11320,526,479
800,11340,59,20
800,11360,190,47
800,11380,141,35
800,11400,29,12
800,11420,105,23
800,11440,52,20
800,11460,36,18
800,11480,82,27
810,11300,612,520
810,11320,249,214
810,11340,84,19
810,11360,124,27
810,11380,147,38
810,11400,100,22
810,11420,63,18
810,11440,131,34
810,11460,67,28
810,11480,71,17
820,11300,582,520
820,11320,127,41
820,11340,133,42
820,11360,78,20
820,11380,215,58
820,11400,110,56
820,11420,78,24
820,11440,55,24
820,11460,127,40
820,11480,35,17
830,11300,210,179
830,11320,9,7
830,11340,28,13
830,11360,70,17
830,11380,66,26
830,11400,68,19
830,11420,83,25
830,11440,44,21
830,11460,87,22
830,11480,33,12
840,11300,74,22
840,11320,39,16
840,11340,42,15
840,11360,82,19
840,11380,106,30
840,11400,66,19
840,11420,49,17
840,11440,70,24
840,11460,74,20
840,11480,37,13
850,11300,79,19
850,11320,45,16
850,11340,57,14
850,11360,110,23
850,11380,208,49
850,11400,66,19
850,11420,85,21
850,11440,122,30
850,11460,92,28
850,11480,36,15
860,11300,127,22
860,11320,55,18
860,11340,120,24
860,11360,140,24
860,11380,101,23
860,11400,133,36
860,11420,141,32
860,11440,123,23
860,11460,102,24
860,11480,21,13
870,11300,171,28
870,11320,77,18
870,11340,107,24
870,11360,171,36
870,11380,99,27
870,11400,115,34
870,11420,143,35
870,11440,122,28
870,11460,138,35
870,11480,67,18
880,11300,139,25
880,11320,38,11
880,11340,84,19
880,11360,146,35
880,11380,92,23
880,11400,85,28
880,11420,125,35
880,11440,132,33
880,11460,121,25
880,11480,92,23
890,11300,159,24
890,11320,83,19
890,11340,70,23
890,11360,173,30
890,11380,143,31
890,11400,127,40
890,11420,119,33
890,11440,115,28
890,11460,117,21
890,11480,44,17
900,11300,152,33
900,11320,31,11
900,11340,156,32
900,11360,105,24
900,11380,62,22
900,11400,108,34
900,11420,124,31
900,11440,115,27
900,11460,118,25
900,11480,84,18
910,11300,98,24
910,11320,41,15
910,11340,68,19
910,11360,84,23
910,11380,88,27
910,11400,90,30
910,11420,97,23
910,11440,77,17
910,11460,70,17
910,11480,73,22
920,11300,149,37
920,11320,65,16
920,11340,121,31
920,11360,117,37
920,11380,214,49
920,11400,148,49
920,11420,169,30
920,11440,127,24
920,11460,91,21
920,11480,155,29
930,11300,123,32
930,11320,112,21
930,11340,77,20
930,11360,92,29
930,11380,162,47
930,11400,112,24
930,11420,141,38
930,11440,105,22
930,11460,87,24
930,11480,85,19
940,11300,149,48
940,11320,44,16
940,11340,65,16
940,11360,98,18
940,11380,91,32
940,11400,80,25
940,11420,156,23
940,11440,48,15
940,11460,56,17
940,11480,63,27
950,11300,83,25
950,11320,81,19
950,11340,69,20
950,11360,72,18
950,11380,115,50
950,11400,82,27
950,11420,105,31
950,11440,131,37
950,11460,70,26
950,11480,64,19
960,11300,186,96
960,11320,42,16
960,11340,54,24
960,11360,64,17
960,11380,19,11
960,11400,3,0
960,11420,38,18
960,11440,30,12
960,11460,71,29
960,11480,32,13
970,11300,66,19
970,11320,14,8
970,11340,18,11
970,11360,32,14
970,11380,27,13
970,11400,12,7
970,11420,19,11
970,11440,21,11
970,11460,34,15
970,11480,15,9
980,11300,11,7
980,11320,2,0
980,11340,6,0
980,11360,2,0
980,11380,33,16
980,11400,20,10
980,11420,20,12
980,11440,59,24
980,11460,39,20
980,11480,29,16
990,11300,35,23
990,11320,24,17
990,11340,60,30
990,11360,11,7
990,11380,23,12
990,11400,52,22
990,11420,18,11
990,11440,126,71
990,11460,58,30
990,11480,45,14
4000,5000,274,250
4000,5020,244,184
4000,5040,400,331
4000,5060,628,559
4000,5080,588,522
4000,5100,517,419
4000,5120,496,452
4000,5140,433,352
4000,5160,377,327
4000,5180,344,267
4010,5000,242,241
4010,5020,218,179
4010,5040,437,343
4010,5060,651,611
4010,5080,624,551
4010,5100,568,531
4010,5120,531,470
4010,5140,461,406
4010,5160,388,326
4010,5180,324,280
4020,5000,158,134
4020,5020,176,171
4020,5040,443,419
4020,5060,696,542
4020,5080,717,702
4020,5100,621,531
4020,5120,521,475
4020,5140,497,443
4020,5160,447,343
4020,5180,375,287
4030,5000,41,22
4030,5020,140,134
4030,5040,498,445
4030,5060,853,751
4030,5080,790,714
4030,5100,685,602
4030,5120,570,486
4030,5140,500,415
4030,5160,426,349
4030,5180,365,279
4040,5000,15,11
4040,5020,0,0
4040,5040,562,497
4040,5060,1015,929
4040,5080,904,725
4040,5100,739,650
4040,5120,636,612
4040,5140,558,494
4040,5160,484,431
4040,5180,401,302
4050,5000,17,11
4050,5020,19,14
4050,5040,539,455
4050,5060,1167,923
4050,5080,1043,1003
4050,5100,817,753
4050,5120,677,654
4050,5140,582,549
4050,5160,526,452
4050,5180,454,378
4060,5000,14,8
4060,5020,9,7
4060,5040,402,315
4060,5060,1144,1086
4060,5080,1367,1358
4060,5100,917,851
4060,5120,703,615
4060,5140,641,563
4060,5160,533,477
4060,5180,454,366
4070,5000,42,23
4070,5020,30,21
4070,5040,306,277
4070,5060,962,897
4070,5080,1631,1526
4070,5100,1158,1070
4070,5120,779,660
4070,5140,676,631
4070,5160,586,516
4070,5180,492,434
4080,5000,37,29
4080,5020,19,14
4080,5040,250,229
4080,5060,827,778
4080,5080,1196,1141
4080,5100,1571,1533
4080,5120,932,849
4080,5140,728,667
4080,5160,624,522
4080,5180,520,484
4090,5000,0,0
4090,5020,4,0
4090,5040,211,181
4090,5060,705,566
4090,5080,930,821
4090,5100,1388,1213
4090,5120,1174,1170
4090,5140,802,774
4090,5160,672,648
4090,5180,538,481
4100,5000,7,0
4100,5020,3,0
4100,5040,185,164
4100,5060,638,582
4100,5080,755,685
4100,5100,1021,1017
4100,5120,1667,1521
4100,5140,962,831
4100,5160,732,645
4100,5180,578,485
4110,5000,18,12
4110,5020,28,20
4110,5040,215,196
4110,5060,621,555
4110,5080,708,634
4110,5100,875,849
4110,5120,1289,1239
4110,5140,1159,1119
4110,5160,785,713
4110,5180,667,604
4120,5000,6,0
4120,5020,53,23
4120,5040,200,174
4120,5060,582,518
4120,5080,638,586
4120,5100,778,750
4120,5120,1001,942
4120,5140,1644,1482
4120,5160,966,819
4120,5180,709,623
4130,5000,20,15
4130,5020,23,17
4130,5040,190,162
4130,5060,568,475
4130,5080,585,554
4130,5100,721,664
4130,5120,840,744
4130,5140,1299,1181
4130,5160,1128,1073
4130,5180,821,756
4140,5000,48,23
4140,5020,12,7
4140,5040,191,137
4140,5060,530,437
4140,5080,563,522
4140,5100,659,571
4140,5120,737,683
4140,5140,1021,999
4140,5160,1563,1297
4140,5180,957,846
4150,5000,43,17
4150,5020,40,17
4150,5040,138,94
4150,5060,518,461
4150,5080,532,450
4150,5100,619,503
4150,5120,738,634
4150,5140,917,869
4150,5160,1454,1335
4150,5180,1107,1068
4160,5000,65,35
4160,5020,37,17
4160,5040,102,77
4160,5060,491,407
4160,5080,468,423
4160,5100,539,434
4160,5120,627,600
4160,5140,784,657
4160,5160,1154,1142
4160,5180,1393,1180
4170,5000,31,21
4170,5020,36,13
4170,5040,45,30
4170,5060,409,330
4170,5080,403,374
4170,5100,453,396
4170,5120,550,518
4170,5140,693,638
4170,5160,954,904
4170,5180,1714,1584
4180,5000,15,10
4180,5020,43,17
4180,5040,44,24
4180,5060,381,311
4180,5080,372,317
4180,5100,410,337
4180,5120,478,456
4180,5140,603,531
4180,5160,816,711
4180,5180,1216,1143
4190,5000,47,17
4190,5020,39,16
4190,5040,9,7
4190,5060,271,195
4190,5080,309,283
4190,5100,382,337
4190,5120,434,362
4190,5140,540,438
4190,5160,610,522
4190,5180,867,785
8000,8700,464,409
8000,8720,894,844
8000,8740,907,862
8000,8760,764,668
8000,8780,732,571
8000,8800,666,573
8000,8820,605,521
8000,8840,527,431
8000,8860,462,408
8000,8880,391,327
8000,8900,394,317
8000,8920,380,329
8000,8940,402,324
8000,8960,421,329
8000,8980,400,324
8000,9000,347,299
8000,9020,310,252
8000,9040,278,214
8000,9060,167,144
8000,9080,152,87
8000,9100,9,7
8000,9120,57,42
8000,9140,132,38
8000,9160,204,48
8000,9180,160,47
8000,9200,100,34
8000,9220,132,21
8000,9240,127,30
8000,9260,171,42
8000,9280,151,39
8000,9300,243,103
8000,9320,33,21
8000,9340,1,0
8000,9360,12,7
8000,9380,27,14
8000,9400,36,14
8000,9420,7,0
8000,9440,13,7
8000,9460,41,26
8000,9480,83,32
8010,8700,283,262
8010,8720,1072,1066
8010,8740,1010,892
8010,8760,812,786
8010,8780,713,590
8010,8800,685,629
8010,8820,571,519
8010,8840,516,425
8010,8860,444,410
8010,8880,431,358
8010,8900,424,344
8010,8920,369,288
8010,8940,352,304
8010,8960,378,326
8010,8980,362,290
8010,9000,348,279
8010,9020,306,247
8010,9040,255,194
8010,9060,160,135
8010,9080,153,114
8010,9100,27,20
8010,9120,53,45
8010,9140,46,40
8010,9160,71,34
8010,9180,105,30
8010,9200,97,31
8010,9220,66,27
8010,9240,162,28
8010,9260,158,37
8010,9280,223,66
8010,9300,231,68
8010,9320,98,52
8010,9340,120,25
8010,9360,56,16
8010,9380,74,20
8010,9400,87,27
8010,9420,21,13
8010,9440,13,7
8010,9460,85,26
8010,9480,53,21
8020,8700,211,201
8020,8720,1052,1013
8020,8740,1226,1163
8020,8760,910,697
8020,8780,813,682
8020,8800,707,630
8020,8820,575,510
8020,8840,552,447
8020,8860,481,431
8020,8880,443,373
8020,8900,444,364
8020,8920,412,369
8020,8940,357,266
8020,8960,350,290
8020,8980,345,270
8020,9000,317,258
8020,9020,315,274
8020,9040,306,250
8020,9060,147,115
8020,9080,96,70
8020,9100,17,13
8020,9120,53,46
8020,9140,38,29
8020,9160,42,25
8020,9180,37,16
8020,9200,43,16
8020,9220,39,14
8020,9240,108,26
8020,9260,112,25
8020,9280,182,44
8020,9300,224,72
8020,9320,87,48
8020,9340,81,23
8020,9360,69,25
8020,9380,38,12
8020,9400,50,21
8020,9420,24,15
8020,9440,34,15
8020,9460,53,16
8020,9480,87,21
8030,8700,136,116
8030,8720,789,781
8030,8740,1673,1659
8030,8760,1050,937
8030,8780,866,784
8030,8800,732,663
8030,8820,620,578
8030,8840,571,545
8030,8860,525,480
8030,8880,442,380
8030,8900,436,352
8030,8920,394,328
8030,8940,397,329
8030,8960,376,328
8030,8980,371,301
8030,9000,346,315
8030,9020,282,226
8030,9040,261,208
8030,9060,152,141
8030,9080,153,107
8030,9100,34,17
8030,9120,54,44
8030,9140,31,27
8030,9160,41,24
8030,9180,85,28
8030,9200,103,31
8030,9220,142,32
8030,9240,138,27
8030,9260,166,35
8030,9280,214,43
8030,9300,179,36
8030,9320,151,55
8030,9340,35,16
8030,9360,47,15
8030,9380,59,17
8030,9400,80,22
8030,9420,27,12
8030,9440,9,7
8030,9460,29,14
8030,9480,90,33
8040,8700,113,93
8040,8720,684,639
8040,8740,1172,1141
8040,8760,1388,1172
8040,8780,951,793
8040,8800,796,741
8040,8820,688,570
8040,8840,628,541
8040,8860,534,463
8040,8880,482,425
8040,8900,457,357
8040,8920,405,342
8040,8940,383,324
8040,8960,393,312
8040,8980,391,314
8040,9000,361,294
8040,9020,297,255
8040,9040,275,196
8040,9060,186,165
8040,9080,141,116
8040,9100,25,17
8040,9120,45,37
8040,9140,62,20
8040,9160,114,22
8040,9180,105,29
8040,9200,134,30
8040,9220,149,38
8040,9240,140,31
8040,9260,115,25
8040,9280,208,35
8040,9300,146,37
8040,9320,128,66
8040,9340,122,45
8040,9360,143,39
8040,9380,91,28
8040,9400,49,17
8040,9420,43,17
8040,9440,10,7
8040,9460,74,23
8040,9480,61,23
8050,8700,103,97
8050,8720,625,528
8050,8740,971,937
8050,8760,1413,1382
8050,8780,1203,1066
8050,8800,886,845
8050,8820,755,623
8050,8840,645,558
8050,8860,573,458
8050,8880,534,479
8050,8900,509,471
8050,8920,421,358
8050,8940,406,357
8050,8960,408,333
8050,8980,418,339
8050,9000,365,318
8050,9020,315,259
8050,9040,292,224
8050,9060,198,162
8050,9080,123,108
8050,9100,39,28
8050,9120,32,26
8050,9140,89,30
8050,9160,125,36
8050,9180,105,24
8050,9200,107,35
8050,9220,154,54
8050,9240,169,37
8050,9260,169,31
8050,9280,152,38
8050,9300,138,43
8050,9320,41,27
8050,9340,85,22
8050,9360,67,18
8050,9380,67,19
8050,9400,37,14
8050,9420,44,17
8050,9440,22,14
8050,9460,67,23
8050,9480,71,25
8060,8700,109,92
8060,8720,563,438
8060,8740,830,696
8060,8760,1054,978
8060,8780,1881,1782
8060,8800,1024,992
8060,8820,806,716
8060,8840,752,638
8060,8860,670,572
8060,8880,546,454
8060,8900,512,451
8060,8920,491,410
8060,8940,421,351
8060,8960,435,348
8060,8980,416,367
8060,9000,376,344
8060,9020,309,255
8060,9040,303,231
8060,9060,210,178
8060,9080,125,99
8060,9100,51,45
8060,9120,15,11
8060,9140,112,33
8060,9160,136,32
8060,9180,139,30
8060,9200,140,37
8060,9220,164,34
8060,9240,192,42
8060,9260,191,41
8060,9280,150,40
8060,9300,101,30
8060,9320,54,28
8060,9340,77,20
8060,9360,50,16
8060,9380,66,21
8060,9400,59,16
8060,9420,70,26
8060,9440,17,11
8060,9460,62,23
8060,9480,78,22
8070,8700,77,68
8070,8720,553,477
8070,8740,770,642
8070,8760,892,836
8070,8780,1206,1095
8070,8800,1403,1273
8070,8820,972,955
8070,8840,869,751
8070,8860,743,693
8070,8880,622,510
8070,8900,596,526
8070,8920,542,454
8070,8940,493,420
8070,8960,457,412
8070,8980,442,400
8070,9000,399,310
8070,9020,354,332
8070,9040,356,262
8070,9060,191,176
8070,9080,92,73
8070,9100,37,20
8070,9120,4,0
8070,9140,104,35
8070,9160,99,31
8070,9180,94,23
8070,9200,117,31
8070,9220,100,23
8070,9240,172,43
8070,9260,150,37
8070,9280,236,49
8070,9300,146,42
8070,9320,131,35
8070,9340,113,32
8070,9360,74,25
8070,9380,69,18
8070,9400,55,17
8070,9420,19,11
8070,9440,0,0
8070,9460,40,16
8070,9480,77,21
8080,8700,36,31
8080,8720,538,435
8080,8740,708,645
8080,8760,786,721
8080,8780,944,818
8080,8800,1499,1476
8080,8820,1176,1020
8080,8840,1042,811
8080,8860,850,669
8080,8880,712,606
8080,8900,615,511
8080,8920,541,493
8080,8940,520,436
8080,8960,473,434
8080,8980,485,420
8080,9000,428,360
8080,9020,380,317
8080,9040,335,274
8080,9060,203,192
8080,9080,102,93
8080,9100,28,16
8080,9120,64,27
8080,9140,95,30
8080,9160,36,15
8080,9180,67,20
8080,9200,136,33
8080,9220,144,27
8080,9240,205,45
8080,9260,182,54
8080,9280,167,75
8080,9300,141,42
8080,9320,127,39
8080,9340,132,36
8080,9360,95,26
8080,9380,60,19
8080,9400,53,20
8080,9420,51,21
8080,9440,0,0
8080,9460,45,16
8080,9480,38,14
8090,8700,9,7
8090,8720,507,459
8090,8740,617,547
8090,8760,735,644
8090,8780,794,685
8090,8800,1071,959
8090,8820,1781,1678
8090,8840,1107,1010
8090,8860,994,863
8090,8880,794,696
8090,8900,717,553
8090,8920,654,606
8090,8940,566,489
8090,8960,531,455
8090,8980,506,426
8090,9000,451,418
8090,9020,411,325
8090,9040,398,289
8090,9060,203,171
8090,9080,92,77
8090,9100,21,15
8090,9120,38,14
8090,9140,118,34
8090,9160,63,22
8090,9180,65,22
8090,9200,142,38
8090,9220,131,27
8090,9240,177,45
8090,9260,182,44
8090,9280,95,29
8090,9300,85,25
8090,9320,184,46
8090,9340,168,64
8090,9360,171,40
8090,9380,79,29
8090,9400,62,22
8090,9420,25,16
8090,9440,6,0
8090,9460,69,31
8090,9480,101,26
8100,8700,46,35
8100,8720,461,418
8100,8740,580,535
8100,8760,652,587
8100,8780,797,651
8100,8800,937,887
8100,8820,1217,1117
8100,8840,1466,1272
8100,8860,1115,939
8100,8880,865,798
8100,8900,753,678
8100,8920,681,599
8100,8940,612,521
8100,8960,534,454
8100,8980,522,446
8100,9000,478,399
8100,9020,419,357
8100,9040,392,326
8100,9060,231,204
8100,9080,108,96
8100,9100,5,0
8100,9120,18,12
8100,9140,125,34
8100,9160,76,19
8100,9180,105,31
8100,9200,127,28
8100,9220,150,31
8100,9240,130,26
8100,9260,106,25
8100,9280,116,26
8100,9300,135,33
8100,9320,101,27
8100,9340,195,64
8100,9360,128,45
8100,9380,156,37
8100,9400,48,16
8100,9420,32,15
8100,9440,6,0
8100,9460,76,23
8100,9480,129,41
8110,8700,68,32
8110,8720,467,399
8110,8740,536,498
8110,8760,598,578
8110,8780,713,557
8110,8800,830,706
8110,8820,1029,934
8110,8840,1498,1482
8110,8860,1290,1277
8110,8880,991,942
8110,8900,863,747
8110,8920,780,699
8110,8940,689,566
8110,8960,593,482
8110,8980,564,524
8110,9000,540,455
8110,9020,451,369
8110,9040,412,340
8110,9060,238,201
8110,9080,75,61
8110,9100,47,23
8110,9120,42,24
8110,9140,113,32
8110,9160,116,29
8110,9180,137,37
8110,9200,154,35
8110,9220,182,30
8110,9240,199,42
8110,9260,165,37
8110,9280,113,28
8110,9300,143,35
8110,9320,121,28
8110,9340,182,51
8110,9360,191,55
8110,9380,161,52
8110,9400,89,20
8110,9420,45,27
8110,9440,11,8
8110,9460,77,22
8110,9480,124,28
8120,8700,59,34
8120,8720,437,358
8120,8740,487,430
8120,8760,561,475
8120,8780,642,573
8120,8800,776,633
8120,8820,915,841
8120,8840,1104,1016
8120,8860,1717,1587
8120,8880,1221,1182
8120,8900,992,906
8120,8920,869,766
8120,8940,727,597
8120,8960,647,590
8120,8980,577,470
8120,9000,566,483
8120,9020,459,415
8120,9040,425,324
8120,9060,251,212
8120,9080,83,73
8120,9100,51,22
8120,9120,29,15
8120,9140,168,42
8120,9160,136,30
8120,9180,143,29
8120,9200,198,38
8120,9220,229,37
8120,9240,146,33
8120,9260,148,38
8120,9280,231,41
8120,9300,245,78
8120,9320,123,30
8120,9340,228,120
8120,9360,257,76
8120,9380,163,46
8120,9400,97,28
8120,9420,42,18
8120,9440,1,0
8120,9460,85,27
8120,9480,176,40
8130,8700,75,25
8130,8720,370,321
8130,8740,454,372
8130,8760,510,460
8130,8780,564,451
8130,8800,704,594
8130,8820,771,652
8130,8840,908,803
8130,8860,1155,1098
8130,8880,1890,1693
8130,8900,1171,1085
8130,8920,965,924
8130,8940,809,710
8130,8960,735,609
8130,8980,639,584
8130,9000,612,513
8130,9020,509,399
8130,9040,466,395
8130,9060,231,199
8130,9080,37,33
8130,9100,41,23
8130,9120,36,19
8130,9140,138,38
8130,9160,72,22
8130,9180,81,26
8130,9200,109,29
8130,9220,108,28
8130,9240,142,33
8130,9260,89,28
8130,9280,112,29
8130,9300,141,32
8130,9320,81,21
8130,9340,153,82
8130,9360,153,38
8130,9380,159,36
8130,9400,100,37
8130,9420,28,13
8130,9440,1,0
8130,9460,67,27
8130,9480,149,37
8140,8700,176,56
8140,8720,404,342
8140,8740,426,342
8140,8760,497,443
8140,8780,544,442
8140,8800,648,520
8140,8820,730,692
8140,8840,807,749
8140,8860,933,864
8140,8880,1216,1184
8140,8900,1674,1652
8140,8920,1144,1062
8140,8940,924,793
8140,8960,817,667
8140,8980,734,651
8140,9000,698,593
8140,9020,591,551
8140,9040,504,396
8140,9060,256,231
8140,9080,30,30
8140,9100,104,33
8140,9120,11,7
8140,9140,120,30
8140,9160,75,24
8140,9180,61,21
8140,9200,114,29
8140,9220,169,40
8140,9240,81,24
8140,9260,99,28
8140,9280,60,19
8140,9300,148,52
8140,9320,61,19
8140,9340,151,74
8140,9360,175,65
8140,9380,123,25
8140,9400,107,32
8140,9420,93,30
8140,9440,3,0
8140,9460,113,33
8140,9480,113,37
8150,8700,150,37
8150,8720,386,330
8150,8740,417,351
8150,8760,453,393
8150,8780,478,401
8150,8800,594,485
8150,8820,606,511
8150,8840,691,628
8150,8860,821,663
8150,8880,976,836
8150,8900,1307,1280
8150,8920,1572,1451
8150,8940,1086,985
8150,8960,922,791
8150,8980,810,698
8150,9000,726,660
8150,9020,599,551
8150,9040,530,451
8150,9060,281,239
8150,9080,30,15
8150,9100,33,19
8150,9120,24,14
8150,9140,127,31
8150,9160,58,22
8150,9180,106,23
8150,9200,212,47
8150,9220,165,49
8150,9240,39,21
8150,9260,85,23
8150,9280,124,30
8150,9300,203,47
8150,9320,156,38
8150,9340,134,36
8150,9360,104,27
8150,9380,95,28
8150,9400,85,25
8150,9420,86,25
8150,9440,30,16
8150,9460,94,46
8150,9480,152,54
8160,8700,62,26
8160,8720,357,290
8160,8740,368,271
8160,8760,401,366
8160,8780,458,412
8160,8800,523,427
8160,8820,571,488
8160,8840,650,550
8160,8860,736,652
8160,8880,871,771
8160,8900,1011,930
8160,8920,1369,1308
8160,8940,1492,1444
8160,8960,1091,1012
8160,8980,918,779
8160,9000,782,677
8160,9020,652,614
8160,9040,542,491
8160,9060,278,247
8160,9080,61,19
8160,9100,21,12
8160,9120,19,12
8160,9140,126,32
8160,9160,131,36
8160,9180,142,33
8160,9200,138,38
8160,9220,50,25
8160,9240,111,24
8160,9260,154,35
8160,9280,111,27
8160,9300,173,49
8160,9320,71,26
8160,9340,107,26
8160,9360,58,27
8160,9380,120,32
8160,9400,102,34
8160,9420,49,21
8160,9440,19,11
8160,9460,74,40
8160,9480,181,44
8170,8700,59,25
8170,8720,348,281
8170,8740,388,287
8170,8760,416,349
8170,8780,431,369
8170,8800,487,402
8170,8820,531,441
8170,8840,617,521
8170,8860,697,565
8170,8880,771,628
8170,8900,912,772
8170,8920,1066,1030
8170,8940,1501,1464
8170,8960,1384,1287
8170,8980,1068,931
8170,9000,902,829
8170,9020,749,698
8170,9040,610,600
8170,9060,280,240
8170,9080,130,28
8170,9100,31,19
8170,9120,30,15
8170,9140,77,26
8170,9160,69,21
8170,9180,76,23
8170,9200,97,30
8170,9220,53,20
8170,9240,81,27
8170,9260,41,24
8170,9280,105,30
8170,9300,145,31
8170,9320,112,18
8170,9340,143,32
8170,9360,82,22
8170,9380,123,29
8170,9400,51,23
8170,9420,121,66
8170,9440,54,19
8170,9460,127,35
8170,9480,146,45
8180,8700,60,35
8180,8720,321,249
8180,8740,370,290
8180,8760,368,280
8180,8780,369,302
8180,8800,445,380
8180,8820,466,424
8180,8840,507,432
8180,8860,586,540
8180,8880,652,587
8180,8900,768,699
8180,8920,919,791
8180,8940,1103,1005
8180,8960,1669,1455
8180,8980,1295,1185
8180,9000,1055,1000
8180,9020,817,761
8180,9040,640,627
8180,9060,319,285
8180,9080,108,29
8180,9100,45,19
8180,9120,31,15
8180,9140,68,16
8180,9160,30,12
8180,9180,77,20
8180,9200,35,15
8180,9220,34,16
8180,9240,72,21
8180,9260,96,42
8180,9280,113,27
8180,9300,114,19
8180,9320,145,35
8180,9340,163,32
8180,9360,71,19
8180,9380,53,16
8180,9400,36,12
8180,9420,126,59
8180,9440,154,64
8180,9460,133,34
8180,9480,212,45
8190,8700,74,32
8190,8720,317,267
8190,8740,361,262
8190,8760,378,310
8190,8780,395,314
8190,8800,449,418
8190,8820,475,408
8190,8840,508,441
8190,8860,536,472
8190,8880,618,549
8190,8900,695,643
8190,8920,805,676
8190,8940,935,891
8190,8960,1167,1078
8190,8980,1718,1502
8190,9000,1295,1282
8190,9020,952,893
8190,9040,741,711
8190,9060,320,291
8190,9080,87,35
8190,9100,32,17
8190,9120,23,11
8190,9140,24,16
8190,9160,35,17
8190,9180,74,18
8190,9200,29,13
8190,9220,48,22
8190,9240,8,7
8190,9260,99,23
8190,9280,120,29
8190,9300,83,29
8190,9320,143,31
8190,9340,112,20
8190,9360,146,26
8190,9380,80,17
8190,9400,69,21
8190,9420,68,20
8190,9440,66,25
8190,9460,104,32
8190,9480,141,50
8200,8700,47,17
8200,8720,264,209
8200,8740,334,271
8200,8760,349,299
8200,8780,367,314
8200,8800,405,362
8200,8820,444,381
8200,8840,480,395
8200,8860,525,474
8200,8880,568,511
8200,8900,669,644
8200,8920,704,575
8200,8940,855,760
8200,8960,1032,987
8200,8980,1363,1301
8200,9000,1578,1569
8200,9020,1086,979
8200,9040,794,747
8200,9060,340,325
8200,9080,74,24
8200,9100,36,23
8200,9120,17,12
8200,9140,8,8
8200,9160,48,19
8200,9180,122,46
8200,9200,73,19
8200,9220,71,21
8200,9240,54,19
8200,9260,98,27
8200,9280,113,38
8200,9300,110,44
8200,9320,82,32
8200,9340,58,16
8200,9360,38,15
8200,9380,88,27
8200,9400,87,30
8200,9420,54,19
8200,9440,46,19
8200,9460,54,26
8200,9480,50,25
8210,8700,6,0
8210,8720,274,210
8210,8740,344,267
8210,8760,331,259
8210,8780,356,268
8210,8800,411,353
8210,8820,435,362
8210,8840,460,420
8210,8860,487,415
8210,8880,559,489
8210,8900,610,527
8210,8920,712,589
8210,8940,804,757
8210,8960,940,834
8210,8980,1162,1071
8210,9000,1589,1583
8210,9020,1266,1214
8210,9040,936,906
8210,9060,353,288
8210,9080,28,15
8210,9100,27,23
8210,9120,19,12
8210,9140,38,22
8210,9160,24,15
8210,9180,75,28
8210,9200,46,17
8210,9220,85,29
8210,9240,67,21
8210,9260,85,26
8210,9280,101,30
8210,9300,79,21
8210,9320,71,21
8210,9340,47,16
8210,9360,56,20
8210,9380,67,27
8210,9400,97,31
8210,9420,62,20
8210,9440,12,7
8210,9460,17,12
8210,9480,16,10
8220,8700,7,0
8220,8720,282,223
8220,8740,323,247
8220,8760,336,265
8220,8780,341,296
8220,8800,378,311
8220,8820,392,344
8220,8840,445,366
8220,8860,474,419
8220,8880,511,422
8220,8900,578,484
8220,8920,632,595
8220,8940,734,664
8220,8960,848,816
8220,8980,1002,957
8220,9000,1297,1184
8220,9020,1524,1363
8220,9040,966,951
8220,9060,413,359
8220,9080,55,27
8220,9100,22,13
8220,9120,17,11
8220,9140,38,21
8220,9160,9,7
8220,9180,68,35
8220,9200,85,41
8220,9220,45,22
8220,9240,80,23
8220,9260,91,23
8220,9280,140,36
8220,9300,87,26
8220,9320,76,36
8220,9340,116,21
8220,9360,67,20
8220,9380,54,19
8220,9400,81,38
8220,9420,63,21
8220,9440,12,7
8220,9460,6,0
8220,9480,10,7
8230,8700,11,7
8230,8720,255,199
8230,8740,298,232
8230,8760,316,255
8230,8780,325,281
8230,8800,360,317
8230,8820,408,366
8230,8840,432,374
8230,8860,481,351
8230,8880,515,447
8230,8900,545,495
8230,8920,627,588
8230,8940,714,632
8230,8960,809,732
8230,8980,919,812
8230,9000,1109,1045
8230,9020,1445,1262
8230,9040,1164,1136
8230,9060,474,438
8230,9080,252,78
8230,9100,15,11
8230,9120,3,0
8230,9140,59,28
8230,9160,38,20
8230,9180,65,28
8230,9200,33,14
8230,9220,31,14
8230,9240,65,18
8230,9260,86,33
8230,9280,121,28
8230,9300,90,27
8230,9320,71,19
8230,9340,77,19
8230,9360,85,23
8230,9380,52,16
8230,9400,103,30
8230,9420,54,17
8230,9440,4,0
8230,9460,8,7
8230,9480,13,7
8240,8700,17,12
8240,8720,237,179
8240,8740,332,261
8240,8760,334,284
8240,8780,331,253
8240,8800,360,312
8240,8820,406,349
8240,8840,443,325
8240,8860,482,423
8240,8880,524,447
8240,8900,584,534
8240,8920,631,522
8240,8940,676,639
8240,8960,773,686
8240,8980,872,818
8240,9000,1035,986
8240,9020,1282,1059
8240,9040,1395,1258
8240,9060,579,522
8240,9080,230,93
8240,9100,21,13
8240,9120,3,0
8240,9140,36,14
8240,9160,100,37
8240,9180,156,81
8240,9200,75,28
8240,9220,133,32
8240,9240,54,21
8240,9260,70,24
8240,9280,102,23
8240,9300,83,25
8240,9320,123,23
8240,9340,47,15
8240,9360,69,20
8240,9380,62,22
8240,9400,40,15
8240,9420,65,23
8240,9440,7,0
8240,9460,20,13
8240,9480,31,13
8250,8700,15,10
8250,8720,259,200
8250,8740,337,244
8250,8760,296,220
8250,8780,331,267
8250,8800,343,290
8250,8820,393,336
8250,8840,423,320
8250,8860,447,404
8250,8880,493,408
8250,8900,536,490
8250,8920,585,490
8250,8940,633,557
8250,8960,688,642
8250,8980,773,660
8250,9000,904,817
8250,9020,1145,978
8250,9040,1392,1259
8250,9060,758,741
8250,9080,9,7
8250,9100,48,27
8250,9120,37,18
8250,9140,40,14
8250,9160,28,14
8250,9180,79,29
8250,9200,87,40
8250,9220,43,20
8250,9240,70,29
8250,9260,98,41
8250,9280,82,24
8250,9300,119,34
8250,9320,127,35
8250,9340,110,48
8250,9360,106,39
8250,9380,77,22
8250,9400,66,23
8250,9420,65,20
8250,9440,20,10
8250,9460,9,7
8250,9480,12,7
8260,8700,48,23
8260,8720,209,150
8260,8740,231,177
8260,8760,236,183
8260,8780,266,202
8260,8800,273,218
8260,8820,301,234
8260,8840,346,298
8260,8860,364,308
8260,8880,403,307
8260,8900,443,394
8260,8920,500,428
8260,8940,504,419
8260,8960,568,486
8260,8980,650,566
8260,9000,804,762
8260,9020,945,893
8260,9040,1414,1306
8260,9060,1099,996
8260,9080,174,168
8260,9100,52,19
8260,9120,21,14
8260,9140,22,12
8260,9160,60,21
8260,9180,57,23
8260,9200,80,29
8260,9220,134,74
8260,9240,113,53
8260,9260,209,76
8260,9280,188,60
8260,9300,218,89
8260,9320,237,70
8260,9340,116,45
8260,9360,132,54
8260,9380,78,25
8260,9400,87,22
8260,9420,49,17
8260,9440,22,11
8260,9460,22,15
8260,9480,11,7
8270,8700,30,17
8270,8720,34,21
8270,8740,142,101
8270,8760,169,125
8270,8780,170,127
8270,8800,200,167
8270,8820,218,174
8270,8840,257,212
8270,8860,298,253
8270,8880,302,267
8270,8900,297,270
8270,8920,332,291
8270,8940,332,272
8270,8960,364,286
8270,8980,439,390
8270,9000,505,402
8270,9020,635,542
8270,9040,1035,1005
8270,9060,1541,1455
8270,9080,555,478
8270,9100,28,14
8270,9120,21,15
8270,9140,34,15
8270,9160,74,24
8270,9180,62,34
8270,9200,81,40
8270,9220,82,49
8270,9240,114,67
8270,9260,105,71
8270,9280,183,118
8270,9300,241,93
8270,9320,126,29
8270,9340,209,91
8270,9360,122,45
8270,9380,117,36
8270,9400,65,23
8270,9420,18,10
8270,9440,41,16
8270,9460,16,10
8270,9480,39,19
8280,8700,8,7
8280,8720,50,17
8280,8740,153,111
8280,8760,206,187
8280,8780,232,179
8280,8800,171,138
8280,8820,155,146
8280,8840,194,172
8280,8860,187,154
8280,8880,182,169
8280,8900,174,149
8280,8920,170,144
8280,8940,150,129
8280,8960,184,161
8280,8980,215,169
8280,9000,220,195
8280,9020,316,272
8280,9040,662,589
8280,9060,1418,1298
8280,9080,972,963
8280,9100,115,113
8280,9120,4,0
8280,9140,76,18
8280,9160,34,17
8280,9180,60,21
8280,9200,128,39
8280,9220,114,34
8280,9240,73,44
8280,9260,139,50
8280,9280,93,26
8280,9300,147,51
8280,9320,132,36
8280,9340,100,35
8280,9360,196,62
8280,9380,104,30
8280,9400,56,20
8280,9420,30,12
8280,9440,25,11
8280,9460,28,13
8280,9480,32,15
8290,8700,44,23
8290,8720,12,7
8290,8740,110,85
8290,8760,153,103
8290,8780,154,126
8290,8800,129,103
8290,8820,109,89
8290,8840,113,101
8290,8860,123,97
8290,8880,101,82
8290,8900,55,47
8290,8920,58,52
8290,8940,0,0
8290,8960,144,54
8290,8980,0,0
8290,9000,24,16
8290,9020,41,30
8290,9040,260,240
8290,9060,917,828
8290,9080,1604,1502
8290,9100,563,527
8290,9120,11,7
8290,9140,47,17
8290,9160,29,13
8290,9180,89,30
8290,9200,92,32
8290,9220,131,55
8290,9240,104,31
8290,9260,199,61
8290,9280,179,46
8290,9300,152,54
8290,9320,378,129
8290,9340,234,81
8290,9360,54,23
8290,9380,35,16
8290,9400,31,16
8290,9420,10,7
8290,9440,3,0
8290,9460,46,14
8290,9480,83,24
8300,8700,51,23
8300,8720,23,12
8300,8740,90,50
8300,8760,121,81
8300,8780,118,79
8300,8800,109,93
8300,8820,102,75
8300,8840,86,76
8300,8860,60,52
8300,8880,90,53
8300,8900,42,18
8300,8920,54,21
8300,8940,28,22
8300,8960,37,17
8300,8980,55,15
8300,9000,42,20
8300,9020,0,0
8300,9040,0,0
8300,9060,461,415
8300,9080,1527,1433
8300,9100,1022,997
8300,9120,33,15
8300,9140,73,23
8300,9160,105,26
8300,9180,105,27
8300,9200,115,27
8300,9220,180,35
8300,9240,82,25
8300,9260,82,31
8300,9280,45,16
8300,9300,31,14
8300,9320,117,36
8300,9340,67,19
8300,9360,92,23
8300,9380,43,13
8300,9400,73,21
8300,9420,2,0
8300,9440,26,12
8300,9460,95,27
8300,9480,35,15
8310,8700,43,24
8310,8720,15,12
8310,8740,25,12
8310,8760,70,31
8310,8780,53,33
8310,8800,7,0
8310,8820,14,8
8310,8840,9,7
8310,8860,0,0
8310,8880,10,7
8310,8900,13,7
8310,8920,24,12
8310,8940,1,0
8310,8960,1,0
8310,8980,4,0
8310,9000,61,35
8310,9020,2,0
8310,9040,59,34
8310,9060,46,34
8310,9080,901,846
8310,9100,1580,1532
8310,9120,386,364
8310,9140,66,22
8310,9160,47,16
8310,9180,42,13
8310,9200,76,25
8310,9220,61,21
8310,9240,42,19
8310,9260,42,21
8310,9280,5,0
8310,9300,49,24
8310,9320,31,18
8310,9340,92,27
8310,9360,65,24
8310,9380,21,11
8310,9400,2,0
8310,9420,5,0
8310,9440,43,19
8310,9460,29,21
8310,9480,21,11
8320,8700,62,25
8320,8720,45,24
8320,8740,51,41
8320,8760,74,52
8320,8780,55,37
8320,8800,22,11
8320,8820,46,19
8320,8840,30,16
8320,8860,35,16
8320,8880,37,17
8320,8900,38,19
8320,8920,75,45
8320,8940,45,21
8320,8960,60,28
8320,8980,36,16
8320,9000,69,28
8320,9020,20,11
8320,9040,30,16
8320,9060,79,30
8320,9080,350,336
8320,9100,1432,1381
8320,9120,840,794
8320,9140,98,94
8320,9160,20,14
8320,9180,4,0
8320,9200,4,0
8320,9220,119,40
8320,9240,34,19
8320,9260,35,17
8320,9280,69,31
8320,9300,68,29
8320,9320,45,18
8320,9340,32,16
8320,9360,27,15
8320,9380,8,7
8320,9400,14,9
8320,9420,3,0
8320,9440,17,10
8320,9460,34,15
8320,9480,69,25
8330,8700,54,24
8330,8720,29,19
8330,8740,36,26
8330,8760,72,57
8330,8780,33,16
8330,8800,30,14
8330,8820,80,31
8330,8840,91,26
8330,8860,63,22
8330,8880,66,21
8330,8900,78,29
8330,8920,52,20
8330,8940,87,30
8330,8960,81,29
8330,8980,37,15
8330,9000,18,10
8330,9020,29,16
8330,9040,49,24
8330,9060,23,19
8330,9080,30,25
8330,9100,787,699
8330,9120,1473,1353
8330,9140,595,549
8330,9160,213,187
8330,9180,69,39
8330,9200,45,23
8330,9220,8,7
8330,9240,98,45
8330,9260,11,7
8330,9280,12,7
8330,9300,32,16
8330,9320,47,23
8330,9340,17,10
8330,9360,26,15
8330,9380,4,0
8330,9400,41,25
8330,9420,7,0
8330,9440,21,15
8330,9460,38,20
8330,9480,50,21
8340,8700,3,0
8340,8720,54,20
8340,8740,40,20
8340,8760,42,31
8340,8780,48,23
8340,8800,77,28
8340,8820,37,15
8340,8840,32,19
8340,8860,81,33
8340,8880,78,26
8340,8900,91,33
8340,8920,72,31
8340,8940,48,18
8340,8960,56,17
8340,8980,57,20
8340,9000,27,14
8340,9020,31,14
8340,9040,24,11
8340,9060,28,14
8340,9080,47,16
8340,9100,261,228
8340,9120,1585,1462
8340,9140,1019,1005
8340,9160,613,518
8340,9180,358,305
8340,9200,282,221
8340,9220,279,218
8340,9240,232,200
8340,9260,223,203
8340,9280,210,170
8340,9300,194,151
8340,9320,183,150
8340,9340,174,139
8340,9360,124,90
8340,9380,123,99
8340,9400,59,44
8340,9420,3,0
8340,9440,33,16
8340,9460,52,18
8340,9480,36,18
8350,8700,33,16
8350,8720,67,29
8350,8740,119,32
8350,8760,48,26
8350,8780,122,32
8350,8800,126,42
8350,8820,74,23
8350,8840,105,37
8350,8860,145,44
8350,8880,144,52
8350,8900,164,48
8350,8920,81,21
8350,8940,119,25
8350,8960,29,11
8350,8980,16,11
8350,9000,34,14
8350,9020,25,14
8350,9040,28,14
8350,9060,13,7
8350,9080,82,21
8350,9100,63,21
8350,9120,920,738
8350,9140,1491,1491
8350,9160,897,782
8350,9180,552,495
8350,9200,503,448
8350,9220,506,461
8350,9240,407,323
8350,9260,388,369
8350,9280,362,301
8350,9300,314,263
8350,9320,293,256
8350,9340,278,250
8350,9360,274,223
8350,9380,288,230
8350,9400,244,179
8350,9420,63,53
8350,9440,54,17
8350,9460,50,15
8350,9480,96,31
8360,8700,97,37
8360,8720,22,13
8360,8740,127,25
8360,8760,126,29
8360,8780,92,28
8360,8800,115,31
8360,8820,123,36
8360,8840,151,40
8360,8860,127,32
8360,8880,119,41
8360,8900,70,19
8360,8920,111,29
8360,8940,56,21
8360,8960,20,11
8360,8980,9,7
8360,9000,56,23
8360,9020,13,7
8360,9040,29,12
8360,9060,119,26
8360,9080,52,18
8360,9100,96,25
8360,9120,492,427
8360,9140,1296,1291
8360,9160,1079,1054
8360,9180,742,726
8360,9200,565,519
8360,9220,510,425
8360,9240,467,412
8360,9260,396,323
8360,9280,347,290
8360,9300,306,269
8360,9320,292,249
8360,9340,260,207
8360,9360,262,209
8360,9380,306,232
8360,9400,289,211
8360,9420,205,177
8360,9440,64,45
8360,9460,41,15
8360,9480,8,7
8370,8700,85,28
8370,8720,90,40
8370,8740,126,39
8370,8760,46,20
8370,8780,144,33
8370,8800,134,31
8370,8820,108,27
8370,8840,147,36
8370,8860,122,33
8370,8880,114,33
8370,8900,92,33
8370,8920,96,29
8370,8940,53,13
8370,8960,32,12
8370,8980,14,8
8370,9000,93,21
8370,9020,9,7
8370,9040,73,23
8370,9060,102,41
8370,9080,143,32
8370,9100,23,12
8370,9120,324,295
8370,9140,961,935
8370,9160,1499,1252
8370,9180,870,812
8370,9200,623,584
8370,9220,567,505
8370,9240,468,377
8370,9260,422,375
8370,9280,352,279
8370,9300,294,257
8370,9320,275,239
8370,9340,275,201
8370,9360,236,181
8370,9380,303,233
8370,9400,308,239
8370,9420,148,105
8370,9440,75,42
8370,9460,55,28
8370,9480,9,7
8380,8700,39,19
8380,8720,181,77
8380,8740,149,38
8380,8760,79,24
8380,8780,159,30
8380,8800,99,29
8380,8820,150,34
8380,8840,178,54
8380,8860,139,40
8380,8880,114,29
8380,8900,79,25
8380,8920,73,20
8380,8940,68,18
8380,8960,22,12
8380,8980,33,15
8380,9000,27,14
8380,9020,22,11
8380,9040,104,29
8380,9060,66,23
8380,9080,41,15
8380,9100,82,27
8380,9120,164,150
8380,9140,726,703
8380,9160,1261,1046
8380,9180,1080,1053
8380,9200,715,664
8380,9220,594,501
8380,9240,495,428
8380,9260,446,377
8380,9280,367,312
8380,9300,326,238
8380,9320,290,259
8380,9340,284,247
8380,9360,265,205
8380,9380,285,207
8380,9400,280,234
8380,9420,179,154
8380,9440,76,49
8380,9460,26,18
8380,9480,4,0
8390,8700,43,18
8390,8720,81,48
8390,8740,88,31
8390,8760,122,35
8390,8780,143,34
8390,8800,131,32
8390,8820,164,41
8390,8840,144,41
8390,8860,161,39
8390,8880,155,36
8390,8900,83,26
8390,8920,96,26
8390,8940,149,26
8390,8960,43,14
8390,8980,53,19
8390,9000,84,27
8390,9020,38,16
8390,9040,59,16
8390,9060,74,27
8390,9080,47,18
8390,9100,70,28
8390,9120,125,98
8390,9140,621,595
8390,9160,960,898
8390,9180,1532,1463
8390,9200,835,732
8390,9220,643,572
8390,9240,541,494
8390,9260,459,407
8390,9280,370,333
8390,9300,353,312
8390,9320,319,291
8390,9340,284,247
8390,9360,264,233
8390,9380,293,235
8390,9400,313,280
8390,9420,246,206
8390,9440,91,64
8390,9460,52,18
8390,9480,0,0
8400,8700,65,26
8400,8720,122,61
8400,8740,121,26
8400,8760,173,47
8400,8780,167,52
8400,8800,157,40
8400,8820,139,29
8400,8840,159,29
8400,8860,107,22
8400,8880,122,28
8400,8900,80,16
8400,8920,139,20
8400,8940,129,26
8400,8960,49,19
8400,8980,41,19
8400,9000,58,20
8400,9020,32,13
8400,9040,151,34
8400,9060,69,25
8400,9080,108,33
8400,9100,35,16
8400,9120,87,50
8400,9140,523,437
8400,9160,829,810
8400,9180,1205,1163
8400,9200,1045,876
8400,9220,747,696
8400,9240,592,519
8400,9260,492,458
8400,9280,407,323
8400,9300,370,333
8400,9320,345,297
8400,9340,302,255
8400,9360,262,222
8400,9380,295,233
8400,9400,310,247
8400,9420,223,196
8400,9440,96,66
8400,9460,72,25
8400,9480,23,10
8410,8700,38,14
8410,8720,134,41
8410,8740,154,34
8410,8760,163,35
8410,8780,146,40
8410,8800,153,40
8410,8820,132,42
8410,8840,137,28
8410,8860,140,35
8410,8880,167,33
8410,8900,111,25
8410,8920,123,33
8410,8940,123,25
8410,8960,41,14
8410,8980,109,37
8410,9000,45,18
8410,9020,15,9
8410,9040,67,22
8410,9060,95,46
8410,9080,116,33
8410,9100,75,28
8410,9120,69,57
8410,9140,485,413
8410,9160,643,609
8410,9180,870,849
8410,9200,1689,1549
8410,9220,848,808
8410,9240,644,596
8410,9260,540,452
8410,9280,439,403
8410,9300,386,329
8410,9320,348,304
8410,9340,326,281
8410,9360,293,234
8410,9380,317,266
8410,9400,347,293
8410,9420,204,178
8410,9440,105,77
8410,9460,72,25
8410,9480,61,16
8420,8700,34,16
8420,8720,129,31
8420,8740,69,19
8420,8760,112,32
8420,8780,175,37
8420,8800,164,29
8420,8820,159,34
8420,8840,154,30
8420,8860,139,22
8420,8880,143,34
8420,8900,113,19
8420,8920,161,36
8420,8940,102,29
8420,8960,19,10
8420,8980,49,25
8420,9000,14,8
8420,9020,26,13
8420,9040,115,45
8420,9060,114,45
8420,9080,125,36
8420,9100,52,21
8420,9120,85,70
8420,9140,449,368
8420,9160,623,582
8420,9180,775,758
8420,9200,1088,994
8420,9220,1056,1053
8420,9240,720,614
8420,9260,567,507
8420,9280,459,411
8420,9300,430,387
8420,9320,357,275
8420,9340,328,274
8420,9360,306,266
8420,9380,326,277
8420,9400,347,285
8420,9420,188,158
8420,9440,105,83
8420,9460,54,15
8420,9480,51,19
8430,8700,71,24
8430,8720,105,46
8430,8740,66,21
8430,8760,144,46
8430,8780,155,36
8430,8800,182,35
8430,8820,185,35
8430,8840,157,43
8430,8860,133,26
8430,8880,165,28
8430,8900,128,24
8430,8920,162,23
8430,8940,104,24
8430,8960,55,20
8430,8980,36,15
8430,9000,66,17
8430,9020,46,14
8430,9040,123,39
8430,9060,120,56
8430,9080,87,32
8430,9100,30,18
8430,9120,75,67
8430,9140,427,381
8430,9160,565,500
8430,9180,653,534
8430,9200,863,774
8430,9220,1776,1712
8430,9240,846,807
8430,9260,614,571
8430,9280,515,455
8430,9300,492,418
8430,9320,381,366
8430,9340,349,286
8430,9360,321,278
8430,9380,327,287
8430,9400,371,316
8430,9420,208,187
8430,9440,113,87
8430,9460,60,27
8430,9480,89,23
8440,8700,66,25
8440,8720,119,41
8440,8740,123,25
8440,8760,127,27
8440,8780,172,36
8440,8800,170,33
8440,8820,132,29
8440,8840,154,44
8440,8860,158,35
8440,8880,143,34
8440,8900,119,22
8440,8920,120,26
8440,8940,125,29
8440,8960,28,12
8440,8980,49,16
8440,9000,68,21
8440,9020,120,38
8440,9040,191,103
8440,9060,136,44
8440,9080,117,40
8440,9100,57,17
8440,9120,70,57
8440,9140,408,306
8440,9160,534,463
8440,9180,591,480
8440,9200,744,693
8440,9220,1124,955
8440,9240,1123,1116
8440,9260,716,692
8440,9280,558,499
8440,9300,528,480
8440,9320,408,360
8440,9340,353,307
8440,9360,328,292
8440,9380,348,307
8440,9400,366,287
8440,9420,233,195
8440,9440,101,95
8440,9460,53,26
8440,9480,35,14
8450,8700,93,25
8450,8720,159,52
8450,8740,135,33
8450,8760,140,35
8450,8780,186,34
8450,8800,229,48
8450,8820,199,37
8450,8840,198,39
8450,8860,214,38
8450,8880,137,24
8450,8900,113,22
8450,8920,95,25
8450,8940,135,25
8450,8960,60,20
8450,8980,56,15
8450,9000,69,16
8450,9020,56,16
8450,9040,213,128
8450,9060,115,49
8450,9080,100,41
8450,9100,84,24
8450,9120,29,17
8450,9140,412,375
8450,9160,465,400
8450,9180,557,467
8450,9200,629,582
8450,9220,835,822
8450,9240,1728,1580
8450,9260,877,861
8450,9280,637,616
8450,9300,555,485
8450,9320,427,347
8450,9340,392,306
8450,9360,347,308
8450,9380,383,335
8450,9400,428,331
8450,9420,224,196
8450,9440,102,90
8450,9460,66,22
8450,9480,60,18
8460,8700,75,19
8460,8720,152,47
8460,8740,164,41
8460,8760,185,33
8460,8780,226,57
8460,8800,206,49
8460,8820,188,34
8460,8840,151,33
8460,8860,173,36
8460,8880,174,38
8460,8900,73,16
8460,8920,99,23
8460,8940,165,40
8460,8960,38,12
8460,8980,107,34
8460,9000,87,22
8460,9020,57,17
8460,9040,220,79
8460,9060,111,71
8460,9080,101,35
8460,9100,43,15
8460,9120,48,21
8460,9140,405,351
8460,9160,436,391
8460,9180,495,398
8460,9200,586,502
8460,9220,680,566
8460,9240,1081,1025
8460,9260,1100,999
8460,9280,721,672
8460,9300,581,536
8460,9320,506,447
8460,9340,414,378
8460,9360,374,319
8460,9380,376,307
8460,9400,443,356
8460,9420,207,195
8460,9440,79,71
8460,9460,52,18
8460,9480,82,25
8470,8700,22,12
8470,8720,189,50
8470,8740,150,33
8470,8760,176,31
8470,8780,180,35
8470,8800,155,45
8470,8820,197,43
8470,8840,128,31
8470,8860,219,52
8470,8880,149,34
8470,8900,98,27
8470,8920,136,33
8470,8940,88,18
8470,8960,27,13
8470,8980,100,31
8470,9000,118,25
8470,9020,93,21
8470,9040,208,70
8470,9060,149,82
8470,9080,119,30
8470,9100,85,29
8470,9120,37,29
8470,9140,356,294
8470,9160,402,344
8470,9180,462,408
8470,9200,527,473
8470,9220,589,564
8470,9240,837,823
8470,9260,1760,1523
8470,9280,884,815
8470,9300,644,557
8470,9320,559,520
8470,9340,451,395
8470,9360,410,353
8470,9380,421,371
8470,9400,433,323
8470,9420,186,159
8470,9440,51,45
8470,9460,68,19
8470,9480,64,18
8480,8700,42,15
8480,8720,160,46
8480,8740,148,39
8480,8760,217,58
8480,8780,200,49
8480,8800,176,50
8480,8820,73,27
8480,8840,19,11
8480,8860,181,33
8480,8880,142,39
8480,8900,168,40
8480,8920,52,19
8480,8940,129,31
8480,8960,38,17
8480,8980,28,15
8480,9000,126,27
8480,9020,78,21
8480,9040,217,68
8480,9060,187,98
8480,9080,140,39
8480,9100,49,24
8480,9120,46,21
8480,9140,339,280
8480,9160,341,308
8480,9180,424,382
8480,9200,478,412
8480,9220,558,452
8480,9240,683,589
8480,9260,1103,1001
8480,9280,1174,1085
8480,9300,691,656
8480,9320,570,497
8480,9340,496,463
8480,9360,427,371
8480,9380,462,380
8480,9400,446,378
8480,9420,187,147
8480,9440,29,24
8480,9460,103,39
8480,9480,101,29
8490,8700,53,18
8490,8720,121,27
8490,8740,223,59
8490,8760,226,38
8490,8780,163,36
8490,8800,276,115
8490,8820,125,36
8490,8840,163,39
8490,8860,194,50
8490,8880,159,35
8490,8900,148,41
8490,8920,151,44
8490,8940,103,25
8490,8960,62,23
8490,8980,70,20
8490,9000,165,61
8490,9020,95,25
8490,9040,243,90
8490,9060,194,96
8490,9080,125,44
8490,9100,58,30
8490,9120,34,22
8490,9140,316,262
8490,9160,323,305
8490,9180,382,321
8490,9200,425,385
8490,9220,513,471
8490,9240,604,540
8490,9260,870,828
8490,9280,1781,1705
8490,9300,847,818
8490,9320,672,633
8490,9340,530,471
8490,9360,496,402
8490,9380,516,476
8490,9400,477,399
8490,9420,178,174
8490,9440,16,10
8490,9460,181,48
8490,9480,103,26
8500,8700,55,18
8500,8720,153,34
8500,8740,149,41
8500,8760,184,35
8500,8780,145,38
8500,8800,151,40
8500,8820,196,34
8500,8840,175,40
8500,8860,214,40
8500,8880,182,34
8500,8900,170,49
8500,8920,136,48
8500,8940,124,29
8500,8960,75,18
8500,8980,96,39
8500,9000,142,56
8500,9020,82,23
8500,9040,180,81
8500,9060,196,57
8500,9080,101,30
8500,9100,49,23
8500,9120,17,14
8500,9140,306,267
8500,9160,307,270
8500,9180,326,301
8500,9200,404,358
8500,9220,476,433
8500,9240,558,526
8500,9260,723,700
8500,9280,1063,1054
8500,9300,1168,958
8500,9320,784,716
8500,9340,621,584
8500,9360,534,483
8500,9380,568,476
8500,9400,472,395
8500,9420,172,151
8500,9440,2,0
8500,9460,173,46
8500,9480,62,18
8510,8700,60,25
8510,8720,159,38
8510,8740,125,33
8510,8760,114,33
8510,8780,147,44
8510,8800,73,23
8510,8820,181,36
8510,8840,161,37
8510,8860,102,30
8510,8880,103,28
8510,8900,77,38
8510,8920,106,45
8510,8940,102,37
8510,8960,40,14
8510,8980,88,24
8510,9000,152,39
8510,9020,99,28
8510,9040,297,78
8510,9060,183,68
8510,9080,111,36
8510,9100,39,18
8510,9120,52,13
8510,9140,299,246
8510,9160,303,260
8510,9180,362,284
8510,9200,384,341
8510,9220,462,438
8510,9240,533,455
8510,9260,610,582
8510,9280,844,809
8510,9300,1810,1790
8510,9320,906,773
8510,9340,736,702
8510,9360,624,579
8510,9380,622,561
8510,9400,545,448
8510,9420,196,180
8510,9440,38,16
8510,9460,108,26
8510,9480,60,14
8520,8700,95,47
8520,8720,159,66
8520,8740,124,34
8520,8760,54,26
8520,8780,139,50
8520,8800,218,58
8520,8820,226,40
8520,8840,148,33
8520,8860,177,35
8520,8880,163,32
8520,8900,76,30
8520,8920,131,45
8520,8940,169,45
8520,8960,123,32
8520,8980,118,26
8520,9000,136,37
8520,9020,111,43
8520,9040,285,132
8520,9060,162,69
8520,9080,108,43
8520,9100,94,38
8520,9120,33,16
8520,9140,294,259
8520,9160,294,234
8520,9180,352,323
8520,9200,383,346
8520,9220,402,352
8520,9240,493,454
8520,9260,591,505
8520,9280,746,727
8520,9300,1184,1081
8520,9320,1193,1173
8520,9340,872,790
8520,9360,707,581
8520,9380,688,645
8520,9400,573,458
8520,9420,200,165
8520,9440,6,0
8520,9460,96,29
8520,9480,119,29
8530,8700,82,31
8530,8720,56,22
8530,8740,98,34
8530,8760,103,38
8530,8780,133,50
8530,8800,233,59
8530,8820,162,34
8530,8840,173,36
8530,8860,185,35
8530,8880,122,28
8530,8900,112,31
8530,8920,163,45
8530,8940,158,50
8530,8960,104,31
8530,8980,117,28
8530,9000,136,40
8530,9020,107,34
8530,9040,235,58
8530,9060,249,82
8530,9080,115,45
8530,9100,27,14
8530,9120,25,15
8530,9140,285,241
8530,9160,294,236
8530,9180,320,268
8530,9200,338,299
8530,9220,367,331
8530,9240,431,388
8530,9260,531,507
8530,9280,640,595
8530,9300,920,797
8530,9320,1881,1708
8530,9340,1028,936
8530,9360,802,779
8530,9380,748,676
8530,9400,585,511
8530,9420,296,252
8530,9440,23,14
8530,9460,53,21
8530,9480,30,14
8540,8700,69,24
8540,8720,32,18
8540,8740,111,32
8540,8760,38,26
8540,8780,110,34
8540,8800,163,48
8540,8820,219,53
8540,8840,243,71
8540,8860,138,58
8540,8880,171,71
8540,8900,126,46
8540,8920,230,82
8540,8940,157,47
8540,8960,89,26
8540,8980,62,17
8540,9000,114,42
8540,9020,56,30
8540,9040,264,84
8540,9060,147,38
8540,9080,136,31
8540,9100,46,17
8540,9120,26,14
8540,9140,294,257
8540,9160,274,237
8540,9180,297,257
8540,9200,332,292
8540,9220,347,318
8540,9240,402,366
8540,9260,509,484
8540,9280,606,532
8540,9300,807,763
8540,9320,1214,1208
8540,9340,1314,1225
8540,9360,974,937
8540,9380,871,820
8540,9400,713,602
8540,9420,254,212
8540,9440,11,7
8540,9460,65,19
8540,9480,61,15
8550,8700,32,14
8550,8720,25,16
8550,8740,123,32
8550,8760,85,23
8550,8780,127,38
8550,8800,162,34
8550,8820,233,55
8550,8840,209,60
8550,8860,224,77
8550,8880,250,99
8550,8900,212,85
8550,8920,193,89
8550,8940,98,29
8550,8960,41,16
8550,8980,41,12
8550,9000,55,24
8550,9020,103,25
8550,9040,218,54
8550,9060,189,55
8550,9080,198,72
8550,9100,59,24
8550,9120,14,8
8550,9140,263,235
8550,9160,265,209
8550,9180,280,250
8550,9200,325,276
8550,9220,355,291
8550,9240,397,326
8550,9260,461,405
8550,9280,561,506
8550,9300,744,678
8550,9320,1047,977
8550,9340,1831,1689
8550,9360,1159,987
8550,9380,1040,952
8550,9400,822,658
8550,9420,327,277
8550,9440,32,15
8550,9460,92,22
8550,9480,47,19
8560,8700,47,18
8560,8720,64,26
8560,8740,127,29
8560,8760,120,37
8560,8780,75,21
8560,8800,159,34
8560,8820,152,40
8560,8840,191,64
8560,8860,163,47
8560,8880,207,68
8560,8900,188,69
8560,8920,156,79
8560,8940,111,39
8560,8960,69,15
8560,8980,62,17
8560,9000,85,30
8560,9020,105,34
8560,9040,243,67
8560,9060,308,102
8560,9080,186,50
8560,9100,56,25
8560,9120,26,17
8560,9140,280,255
8560,9160,245,194
8560,9180,260,219
8560,9200,303,245
8560,9220,334,311
8560,9240,387,353
8560,9260,437,397
8560,9280,530,473
8560,9300,675,636
8560,9320,920,857
8560,9340,1397,1393
8560,9360,1401,1199
8560,9380,1108,1064
8560,9400,804,761
8560,9420,369,304
8560,9440,37,19
8560,9460,79,27
8560,9480,40,16
8570,8700,25,12
8570,8720,45,15
8570,8740,83,19
8570,8760,73,21
8570,8780,69,18
8570,8800,193,38
8570,8820,207,45
8570,8840,163,34
8570,8860,128,42
8570,8880,170,49
8570,8900,165,55
8570,8920,144,46
8570,8940,78,23
8570,8960,41,15
8570,8980,47,20
8570,9000,70,21
8570,9020,50,17
8570,9040,204,63
8570,9060,199,69
8570,9080,105,31
8570,9100,38,17
8570,9120,44,34
8570,9140,293,242
8570,9160,256,201
8570,9180,268,218
8570,9200,305,248
8570,9220,310,286
8570,9240,363,324
8570,9260,428,382
8570,9280,512,493
8570,9300,625,610
8570,9320,795,713
8570,9340,1171,1148
8570,9360,1864,1797
8570,9380,1283,1245
8570,9400,961,866
8570,9420,360,290
8570,9440,17,13
8570,9460,92,20
8570,9480,22,12
8580,8700,23,14
8580,8720,48,15
8580,8740,66,17
8580,8760,74,21
8580,8780,56,20
8580,8800,91,25
8580,8820,140,26
8580,8840,104,23
8580,8860,146,39
8580,8880,155,41
8580,8900,114,36
8580,8920,93,22
8580,8940,80,21
8580,8960,55,18
8580,8980,67,24
8580,9000,29,14
8580,9020,104,27
8580,9040,68,25
8580,9060,162,61
8580,9080,111,27
8580,9100,11,7
8580,9120,26,15
8580,9140,276,236
8580,9160,283,225
8580,9180,279,248
8580,9200,311,251
8580,9220,334,278
8580,9240,373,316
8580,9260,421,364
8580,9280,478,439
8580,9300,589,535
8580,9320,762,717
8580,9340,1100,1005
8580,9360,1502,1363
8580,9380,1480,1296
8580,9400,1060,1043
8580,9420,452,400
8580,9440,35,23
8580,9460,65,25
8580,9480,10,7
8590,8700,5,0
8590,8720,49,19
8590,8740,52,20
8590,8760,61,14
8590,8780,76,18
8590,8800,105,28
8590,8820,181,33
8590,8840,131,43
8590,8860,153,39
8590,8880,173,50
8590,8900,101,31
8590,8920,105,30
8590,8940,106,24
8590,8960,56,15
8590,8980,45,15
8590,9000,33,13
8590,9020,64,18
8590,9040,90,26
8590,9060,64,29
8590,9080,37,15
8590,9100,13,7
8590,9120,12,7
8590,9140,293,205
8590,9160,325,230
8590,9180,286,252
8590,9200,322,285
8590,9220,312,269
8590,9240,384,327
8590,9260,421,351
8590,9280,506,470
8590,9300,617,532
8590,9320,753,670
8590,9340,1011,943
8590,9360,1286,1093
8590,9380,1890,1805
8590,9400,1175,1108
8590,9420,535,441
8590,9440,41,24
8590,9460,42,15
8590,9480,3,0
8600,8700,13,7
8600,8720,28,13
8600,8740,50,19
8600,8760,34,14
8600,8780,86,23
8600,8800,122,36
8600,8820,140,39
8600,8840,116,26
8600,8860,109,28
8600,8880,106,31
8600,8900,64,18
8600,8920,73,27
8600,8940,72,20
8600,8960,64,16
8600,8980,82,22
8600,9000,21,12
8600,9020,100,27
8600,9040,82,23
8600,9060,102,30
8600,9080,50,19
8600,9100,8,7
8600,9120,24,12
8600,9140,269,220
8600,9160,290,201
8600,9180,316,253
8600,9200,341,301
8600,9220,333,268
8600,9240,424,344
8600,9260,486,389
8600,9280,523,443
8600,9300,571,472
8600,9320,743,677
8600,9340,926,787
8600,9360,1256,1139
8600,9380,1433,1345
8600,9400,1410,1384
8600,9420,653,606
8600,9440,86,51
8600,9460,24,12
8600,9480,3,0
8610,8700,13,7
8610,8720,57,19
8610,8740,82,25
8610,8760,49,17
8610,8780,99,23
8610,8800,108,35
8610,8820,104,30
8610,8840,84,19
8610,8860,113,43
8610,8880,73,22
8610,8900,43,16
8610,8920,88,24
8610,8940,63,24
8610,8960,35,13
8610,8980,42,15
8610,9000,28,12
8610,9020,98,31
8610,9040,46,21
8610,9060,24,12
8610,9080,25,11
8610,9100,1,0
8610,9120,32,16
8610,9140,226,172
8610,9160,275,195
8610,9180,308,209
8610,9200,270,211
8610,9220,370,304
8610,9240,385,331
8610,9260,396,318
8610,9280,503,432
8610,9300,497,393
8610,9320,595,534
8610,9340,723,625
8610,9360,910,801
8610,9380,1148,1138
8610,9400,1801,1789
8610,9420,956,932
8610,9440,197,184
8610,9460,27,14
8610,9480,56,21
8620,8700,39,21
8620,8720,35,18
8620,8740,49,17
8620,8760,32,12
8620,8780,41,17
8620,8800,52,17
8620,8820,23,12
8620,8840,62,24
8620,8860,60,26
8620,8880,31,19
8620,8900,38,16
8620,8920,15,10
8620,8940,64,22
8620,8960,50,17
8620,8980,19,11
8620,9000,21,11
8620,9020,19,10
8620,9040,30,15
8620,9060,60,16
8620,9080,17,11
8620,9100,3,0
8620,9120,26,19
8620,9140,130,107
8620,9160,183,130
8620,9180,208,156
8620,9200,238,172
8620,9220,257,208
8620,9240,279,240
8620,9260,297,251
8620,9280,328,292
8620,9300,347,286
8620,9320,414,333
8620,9340,512,437
8620,9360,661,561
8620,9380,860,840
8620,9400,1308,1294
8620,9420,1344,1177
8620,9440,496,418
8620,9460,0,0
8620,9480,2,0
8630,8700,31,18
8630,8720,52,16
8630,8740,27,13
8630,8760,58,26
8630,8780,75,33
8630,8800,21,13
8630,8820,17,10
8630,8840,22,12
8630,8860,44,24
8630,8880,72,31
8630,8900,18,11
8630,8920,50,19
8630,8940,35,17
8630,8960,49,17
8630,8980,31,13
8630,9000,10,7
8630,9020,23,12
8630,9040,59,19
8630,9060,70,19
8630,9080,36,14
8630,9100,11,7
8630,9120,15,11
8630,9140,69,64
8630,9160,185,155
8630,9180,213,191
8630,9200,198,168
8630,9220,208,162
8630,9240,209,188
8630,9260,195,186
8630,9280,210,192
8630,9300,211,192
8630,9320,238,190
8630,9340,299,245
8630,9360,374,324
8630,9380,533,448
8630,9400,941,926
8630,9420,1752,1621
8630,9440,813,776
8630,9460,233,194
8630,9480,71,58
8640,8700,115,28
8640,8720,103,40
8640,8740,23,11
8640,8760,44,23
8640,8780,80,23
8640,8800,67,26
8640,8820,65,26
8640,8840,72,47
8640,8860,60,24
8640,8880,42,20
8640,8900,61,28
8640,8920,57,31
8640,8940,133,68
8640,8960,91,36
8640,8980,40,21
8640,9000,12,7
8640,9020,24,13
8640,9040,48,22
8640,9060,27,12
8640,9080,30,13
8640,9100,1,0
8640,9120,4,0
8640,9140,4,0
8640,9160,165,141
8640,9180,141,118
8640,9200,150,131
8640,9220,184,149
8640,9240,186,148
8640,9260,163,145
8640,9280,142,123
8640,9300,90,80
8640,9320,108,100
8640,9340,103,64
8640,9360,173,140
8640,9380,227,191
8640,9400,565,515
8640,9420,1359,1274
8640,9440,1143,934
8640,9460,476,398
8640,9480,275,241
8650,8700,71,31
8650,8720,40,19
8650,8740,12,7
8650,8760,51,23
8650,8780,22,15
8650,8800,30,15
8650,8820,56,26
8650,8840,68,28
8650,8860,29,12
8650,8880,48,18
8650,8900,81,32
8650,8920,74,24
8650,8940,63,24
8650,8960,135,60
8650,8980,30,13
8650,9000,17,10
8650,9020,38,14
8650,9040,15,12
8650,9060,14,8
8650,9080,32,16
8650,9100,34,12
8650,9120,0,0
8650,9140,22,14
8650,9160,82,44
8650,9180,111,84
8650,9200,117,87
8650,9220,147,119
8650,9240,116,95
8650,9260,78,65
8650,9280,30,26
8650,9300,35,30
8650,9320,42,18
8650,9340,4,0
8650,9360,21,16
8650,9380,79,42
8650,9400,273,257
8650,9420,943,923
8650,9440,1729,1579
8650,9460,784,693
8650,9480,557,432
8660,8700,51,22
8660,8720,31,16
8660,8740,3,0
8660,8760,31,15
8660,8780,28,13
8660,8800,28,16
8660,8820,40,20
8660,8840,78,40
8660,8860,82,44
8660,8880,42,21
8660,8900,86,41
8660,8920,111,36
8660,8940,169,58
8660,8960,71,25
8660,8980,32,13
8660,9000,38,16
8660,9020,63,26
8660,9040,10,7
8660,9060,50,16
8660,9080,13,7
8660,9100,55,24
8660,9120,42,20
8660,9140,23,13
8660,9160,59,22
8660,9180,64,37
8660,9200,89,27
8660,9220,109,88
8660,9240,101,81
8660,9260,55,40
8660,9280,54,16
8660,9300,49,17
8660,9320,43,14
8660,9340,69,22
8660,9360,38,19
8660,9380,27,16
8660,9400,7,0
8660,9420,588,577
8660,9440,1503,1339
8660,9460,1167,1150
8660,9480,774,645
8670,8700,300,263
8670,8720,42,23
8670,8740,15,10
8670,8760,18,13
8670,8780,33,14
8670,8800,36,17
8670,8820,109,39
8670,8840,130,48
8670,8860,126,38
8670,8880,96,43
8670,8900,72,29
8670,8920,82,30
8670,8940,86,39
8670,8960,130,47
8670,8980,97,23
8670,9000,47,25
8670,9020,76,23
8670,9040,9,7
8670,9060,39,16
8670,9080,53,18
8670,9100,40,18
8670,9120,5,0
8670,9140,9,7
8670,9160,89,44
8670,9180,87,36
8670,9200,83,24
8670,9220,79,31
8670,9240,59,15
8670,9260,52,17
8670,9280,147,49
8670,9300,48,23
8670,9320,34,14
8670,9340,96,21
8670,9360,39,18
8670,9380,63,24
8670,9400,20,13
8670,9420,310,273
8670,9440,1007,886
8670,9460,1614,1581
8670,9480,1001,886
8680,8700,585,543
8680,8720,145,33
8680,8740,45,21
8680,8760,53,22
8680,8780,53,19
8680,8800,43,17
8680,8820,70,22
8680,8840,94,27
8680,8860,66,25
8680,8880,128,50
8680,8900,114,44
8680,8920,71,24
8680,8940,115,35
8680,8960,164,52
8680,8980,46,15
8680,9000,73,24
8680,9020,69,18
8680,9040,4,0
8680,9060,38,16
8680,9080,91,34
8680,9100,66,34
8680,9120,0,0
8680,9140,7,0
8680,9160,51,16
8680,9180,27,15
8680,9200,61,23
8680,9220,64,24
8680,9240,48,22
8680,9260,35,14
8680,9280,138,31
8680,9300,119,38
8680,9320,75,20
8680,9340,112,24
8680,9360,21,12
8680,9380,11,7
8680,9400,6,0
8680,9420,90,36
8680,9440,690,668
8680,9460,1399,1351
8680,9480,1112,1028
8690,8700,1116,893
8690,8720,223,169
8690,8740,124,34
8690,8760,169,39
8690,8780,151,59
8690,8800,157,32
8690,8820,184,47
8690,8840,52,24
8690,8860,110,42
8690,8880,172,39
8690,8900,134,40
8690,8920,150,39
8690,8940,119,38
8690,8960,125,42
8690,8980,99,33
8690,9000,99,27
8690,9020,55,26
8690,9040,19,12
8690,9060,34,15
8690,9080,100,39
8690,9100,57,26
8690,9120,7,0
8690,9140,7,0
8690,9160,22,14
8690,9180,19,13
8690,9200,61,25
8690,9220,98,38
8690,9240,99,38
8690,9260,39,20
8690,9280,31,14
8690,9300,28,13
8690,9320,101,23
8690,9340,75,22
8690,9360,32,15
8690,9380,29,14
8690,9400,17,9
8690,9420,85,36
8690,9440,322,288
8690,9460,820,740
8690,9480,889,864
10500,7800,11,7
10500,7820,0,0
10500,7840,1,0
10500,7860,29,15
10500,7880,4,0
10500,7900,2,0
10500,7920,14,8
10500,7940,15,11
10500,7960,5,0
10500,7980,0,0
10510,7800,9,7
10510,7820,0,0
10510,7840,5,0
10510,7860,47,24
10510,7880,1,0
10510,7900,3,0
10510,7920,8,7
10510,7940,13,7
10510,7960,5,0
10510,7980,4,0
10520,7800,34,20
10520,7820,0,0
10520,7840,6,0
10520,7860,21,14
10520,7880,26,17
10520,7900,23,13
10520,7920,30,14
10520,7940,38,16
10520,7960,2,0
10520,7980,9,7
10530,7800,43,29
10530,7820,0,0
10530,7840,1,0
10530,7860,6,0
10530,7880,7,0
10530,7900,18,10
10530,7920,17,10
10530,7940,34,14
10530,7960,13,7
10530,7980,6,0
10540,7800,32,18
10540,7820,3,0
10540,7840,0,0
10540,7860,0,0
10540,7880,0,0
10540,7900,4,0
10540,7920,16,11
10540,7940,2,0
10540,7960,4,0
10540,7980,4,0
10550,7800,99,54
10550,7820,6,0
10550,7840,10,7
10550,7860,5,0
10550,7880,0,0
10550,7900,7,0
10550,7920,8,7
10550,7940,17,13
10550,7960,5,0
10550,7980,19,11
10560,7800,217,197
10560,7820,82,58
10560,7840,123,59
10560,7860,2,0
10560,7880,17,11
10560,7900,47,19
10560,7920,49,19
10560,7940,40,22
10560,7960,21,11
10560,7980,31,16
10570,7800,491,462
10570,7820,347,279
10570,7840,314,291
10570,7860,231,210
10570,7880,215,202
10570,7900,192,169
10570,7920,224,192
10570,7940,183,164
10570,7960,166,150
10570,7980,185,164
10580,7800,699,648
10580,7820,487,401
10580,7840,424,333
10580,7860,380,325
10580,7880,361,298
10580,7900,398,310
10580,7920,391,342
10580,7940,378,303
10580,7960,330,270
10580,7980,320,262
10590,7800,937,893
10590,7820,669,628
10590,7840,549,432
10590,7860,474,432
10590,7880,489,394
10590,7900,512,403
10590,7920,434,355
10590,7940,418,329
10590,7960,377,298
10590,7980,361,317
10600,7800,1333,1201
10600,7820,770,696
10600,7840,655,599
10600,7860,557,489
10600,7880,548,399
10600,7900,544,382
10600,7920,492,422
10600,7940,435,321
10600,7960,411,368
10600,7980,386,283
10610,7800,1418,1401
10610,7820,903,849
10610,7840,693,632
10610,7860,529,415
10610,7880,492,396
10610,7900,500,397
10610,7920,470,381
10610,7940,397,292
10610,7960,403,293
10610,7980,391,301
10620,7800,1073,918
10620,7820,1052,1012
10620,7840,731,705
10620,7860,560,467
10620,7880,472,359
10620,7900,513,422
10620,7920,464,383
10620,7940,433,325
10620,7960,412,335
10620,7980,405,339
10630,7800,947,913
10630,7820,1272,1032
10630,7840,791,777
10630,7860,601,558
10630,7880,534,467
10630,7900,555,428
10630,7920,479,420
10630,7940,431,363
10630,7960,397,324
10630,7980,390,309
10640,7800,837,764
10640,7820,1736,1603
10640,7840,870,822
10640,7860,638,592
10640,7880,595,481
10640,7900,512,375
10640,7920,451,409
10640,7940,493,416
10640,7960,424,349
10640,7980,405,376
10650,7800,769,653
10650,7820,1383,1375
10650,7840,980,954
10650,7860,713,664
10650,7880,599,512
10650,7900,537,410
10650,7920,441,379
10650,7940,461,364
10650,7960,425,327
10650,7980,397,353
10660,7800,731,691
10660,7820,1125,1051
10660,7840,1140,1087
10660,7860,775,746
10660,7880,634,557
10660,7900,536,439
10660,7920,462,403
10660,7940,442,350
10660,7960,419,371
10660,7980,420,335
10670,7800,706,597
10670,7820,1013,948
10670,7840,1353,1176
10670,7860,803,735
10670,7880,643,575
10670,7900,584,497
10670,7920,485,428
10670,7940,485,376
10670,7960,457,390
10670,7980,454,403
10680,7800,676,625
10680,7820,922,838
10680,7840,1645,1624
10680,7860,872,853
10680,7880,691,592
10680,7900,613,534
10680,7920,542,454
10680,7940,495,381
10680,7960,459,366
10680,7980,471,382
10690,7800,614,568
10690,7820,847,827
10690,7840,1566,1354
10690,7860,912,885
10690,7880,677,581
10690,7900,563,535
10690,7920,532,473
10690,7940,489,404
10690,7960,446,372
10690,7980,440,369
10700,7800,639,557
10700,7820,791,751
10700,7840,1331,1329
10700,7860,1022,886
10700,7880,765,646
10700,7900,617,589
10700,7920,534,415
10700,7940,501,412
10700,7960,467,398
10700,7980,459,360
10710,7800,577,509
10710,7820,765,673
10710,7840,1149,1102
10710,7860,1136,1047
10710,7880,777,704
10710,7900,641,557
10710,7920,556,449
10710,7940,502,431
10710,7960,466,383
10710,7980,447,379
10720,7800,546,437
10720,7820,686,582
10720,7840,1023,959
10720,7860,1246,1122
10720,7880,812,701
10720,7900,646,578
10720,7920,601,542
10720,7940,508,429
10720,7960,490,450
10720,7980,462,417
10730,7800,527,464
10730,7820,682,598
10730,7840,939,852
10730,7860,1426,1188
10730,7880,837,780
10730,7900,676,591
10730,7920,601,500
10730,7940,548,478
10730,7960,498,402
10730,7980,460,383
10740,7800,488,426
10740,7820,611,591
10740,7840,828,733
10740,7860,1483,1269
10740,7880,921,830
10740,7900,698,589
10740,7920,642,538
10740,7940,564,435
10740,7960,506,430
10740,7980,474,392
10750,7800,459,416
10750,7820,567,464
10750,7840,751,649
10750,7860,1256,1210
10750,7880,1044,851
10750,7900,747,657
10750,7920,638,557
10750,7940,573,500
10750,7960,526,452
10750,7980,493,437
10760,7800,445,334
10760,7820,521,439
10760,7840,713,700
10760,7860,1046,929
10760,7880,1167,1143
10760,7900,818,700
10760,7920,642,556
10760,7940,578,460
10760,7960,533,475
10760,7980,494,445
10770,7800,478,370
10770,7820,539,425
10770,7840,698,579
10770,7860,924,877
10770,7880,1447,1313
10770,7900,849,749
10770,7920,685,592
10770,7940,581,538
10770,7960,525,407
10770,7980,500,394
10780,7800,447,372
10780,7820,492,383
10780,7840,631,552
10780,7860,841,768
10780,7880,1478,1340
10780,7900,927,892
10780,7920,753,723
10780,7940,615,583
10780,7960,526,466
10780,7980,527,481
10790,7800,442,342
10790,7820,490,418
10790,7840,580,474
10790,7860,777,664
10790,7880,1189,1164
10790,7900,1040,1013
10790,7920,817,734
10790,7940,630,550
10790,7960,564,498
10790,7980,549,465
10800,7800,440,294
10800,7820,565,417
10800,7840,561,458
10800,7860,762,656
10800,7880,1078,993
10800,7900,1329,1244
10800,7920,847,761
10800,7940,710,627
10800,7960,612,546
10800,7980,588,533
10810,7800,441,349
10810,7820,536,440
10810,7840,551,515
10810,7860,710,597
10810,7880,946,801
10810,7900,1605,1505
10810,7920,987,961
10810,7940,819,789
10810,7960,654,609
10810,7980,615,520
10820,7800,463,354
10820,7820,545,442
10820,7840,579,501
10820,7860,660,530
10820,7880,869,780
10820,7900,1238,1159
10820,7920,1181,1180
10820,7940,897,800
10820,7960,745,679
10820,7980,673,598
10830,7800,436,318
10830,7820,471,370
10830,7840,543,439
10830,7860,650,577
10830,7880,799,660
10830,7900,1075,1021
10830,7920,1469,1230
10830,7940,1021,977
10830,7960,795,741
10830,7980,727,619
10840,7800,460,400
10840,7820,465,386
10840,7840,544,445
10840,7860,588,480
10840,7880,723,706
10840,7900,929,844
10840,7920,1572,1472
10840,7940,1113,1051
10840,7960,862,840
10840,7980,772,703
10850,7800,436,369
10850,7820,462,387
10850,7840,510,431
10850,7860,560,503
10850,7880,685,574
10850,7900,885,835
10850,7920,1288,1218
10850,7940,1299,1221
10850,7960,911,824
10850,7980,809,779
10860,7800,401,340
10860,7820,499,419
10860,7840,510,403
10860,7860,589,534
10860,7880,673,572
10860,7900,840,724
10860,7920,1087,1017
10860,7940,1589,1480
10860,7960,1027,919
10860,7980,890,819
10870,7800,443,341
10870,7820,466,356
10870,7840,515,429
10870,7860,590,513
10870,7880,654,539
10870,7900,823,743
10870,7920,999,968
10870,7940,1436,1378
10870,7960,1175,1122
10870,7980,924,800
10880,7800,420,319
10880,7820,461,356
10880,7840,491,425
10880,7860,572,461
10880,7880,627,549
10880,7900,737,696
10880,7920,930,858
10880,7940,1204,1139
10880,7960,1403,1370
10880,7980,1013,956
10890,7800,390,315
10890,7820,427,380
10890,7840,441,371
10890,7860,489,417
10890,7880,549,448
10890,7900,661,606
10890,7920,806,718
10890,7940,1077,1001
10890,7960,1918,1858
10890,7980,1100,1031
10900,7800,408,334
10900,7820,444,392
10900,7840,470,356
10900,7860,506,407
10900,7880,569,499
10900,7900,671,589
10900,7920,808,679
10900,7940,997,941
10900,7960,1317,1306
10900,7980,1300,1262
10910,7800,379,293
10910,7820,465,365
10910,7840,474,405
10910,7860,512,425
10910,7880,554,465
10910,7900,658,559
10910,7920,754,694
10910,7940,900,841
10910,7960,1132,952
10910,7980,1815,1667
10920,7800,386,321
10920,7820,450,400
10920,7840,441,361
10920,7860,511,430
10920,7880,535,493
10920,7900,617,540
10920,7920,738,636
10920,7940,829,772
10920,7960,989,822
10920,7980,1360,1308
10930,7800,387,303
10930,7820,441,354
10930,7840,435,379
10930,7860,482,402
10930,7880,502,455
10930,7900,586,486
10930,7920,647,561
10930,7940,739,704
10930,7960,902,795
10930,7980,1068,892
10940,7800,356,302
10940,7820,430,381
10940,7840,431,363
10940,7860,469,395
10940,7880,502,438
10940,7900,559,476
10940,7920,661,593
10940,7940,721,654
10940,7960,832,813
10940,7980,927,855
